ticker,yfinance_symbol,source,updated_at
A,A,S&P 500,2026-05-27 20:00:04
AAPL,AAPL,S&P 500; Nasdaq 100,2026-05-27 20:00:04
ABBV,ABBV,S&P 500,2026-05-27 20:00:04
ABNB,ABNB,S&P 500; Nasdaq 100,2026-05-27 20:00:04
ABT,ABT,S&P 500,2026-05-27 20:00:04
ACGL,ACGL,S&P 500,2026-05-27 20:00:04
ACN,ACN,S&P 500,2026-05-27 20:00:04
ADBE,ADBE,S&P 500; Nasdaq 100,2026-05-27 20:00:04
ADI,ADI,S&P 500; Nasdaq 100,2026-05-27 20:00:04
ADM,ADM,S&P 500,2026-05-27 20:00:04
ADP,ADP,S&P 500; Nasdaq 100,2026-05-27 20:00:04
ADSK,ADSK,S&P 500; Nasdaq 100,2026-05-27 20:00:04
AEE,AEE,S&P 500,2026-05-27 20:00:04
AEP,AEP,S&P 500; Nasdaq 100,2026-05-27 20:00:04
AES,AES,S&P 500,2026-05-27 20:00:04
AFL,AFL,S&P 500,2026-05-27 20:00:04
AIG,AIG,S&P 500,2026-05-27 20:00:04
AIZ,AIZ,S&P 500,2026-05-27 20:00:04
AJG,AJG,S&P 500,2026-05-27 20:00:04
AKAM,AKAM,S&P 500,2026-05-27 20:00:04
ALB,ALB,S&P 500,2026-05-27 20:00:04
ALGN,ALGN,S&P 500,2026-05-27 20:00:04
ALL,ALL,S&P 500,2026-05-27 20:00:04
ALLE,ALLE,S&P 500,2026-05-27 20:00:04
ALNY,ALNY,Nasdaq 100,2026-05-27 20:00:04
AMAT,AMAT,S&P 500; Nasdaq 100,2026-05-27 20:00:04
AMCR,AMCR,S&P 500,2026-05-27 20:00:04
AMD,AMD,S&P 500; Nasdaq 100,2026-05-27 20:00:04
AME,AME,S&P 500,2026-05-27 20:00:04
AMGN,AMGN,S&P 500; Nasdaq 100,2026-05-27 20:00:04
AMP,AMP,S&P 500,2026-05-27 20:00:04
AMT,AMT,S&P 500,2026-05-27 20:00:04
AMZN,AMZN,S&P 500; Nasdaq 100,2026-05-27 20:00:04
ANET,ANET,S&P 500,2026-05-27 20:00:04
AON,AON,S&P 500,2026-05-27 20:00:04
AOS,AOS,S&P 500,2026-05-27 20:00:04
APA,APA,S&P 500,2026-05-27 20:00:04
APD,APD,S&P 500,2026-05-27 20:00:04
APH,APH,S&P 500,2026-05-27 20:00:04
APO,APO,S&P 500,2026-05-27 20:00:04
APP,APP,S&P 500; Nasdaq 100,2026-05-27 20:00:04
APTV,APTV,S&P 500,2026-05-27 20:00:04
ARE,ARE,S&P 500,2026-05-27 20:00:04
ARES,ARES,S&P 500,2026-05-27 20:00:04
ARM,ARM,Nasdaq 100,2026-05-27 20:00:04
ASML,ASML,Nasdaq 100,2026-05-27 20:00:04
ATO,ATO,S&P 500,2026-05-27 20:00:04
AVB,AVB,S&P 500,2026-05-27 20:00:04
AVGO,AVGO,S&P 500; Nasdaq 100,2026-05-27 20:00:04
AVY,AVY,S&P 500,2026-05-27 20:00:04
AWK,AWK,S&P 500,2026-05-27 20:00:04
AXON,AXON,S&P 500; Nasdaq 100,2026-05-27 20:00:04
AXP,AXP,S&P 500,2026-05-27 20:00:04
AZO,AZO,S&P 500,2026-05-27 20:00:04
BA,BA,S&P 500,2026-05-27 20:00:04
BAC,BAC,S&P 500,2026-05-27 20:00:04
BALL,BALL,S&P 500,2026-05-27 20:00:04
BAX,BAX,S&P 500,2026-05-27 20:00:04
BBY,BBY,S&P 500,2026-05-27 20:00:04
BDX,BDX,S&P 500,2026-05-27 20:00:04
BEN,BEN,S&P 500,2026-05-27 20:00:04
BF-B,BF-B,S&P 500,2026-05-27 20:00:04
BG,BG,S&P 500,2026-05-27 20:00:04
BIIB,BIIB,S&P 500,2026-05-27 20:00:04
BKNG,BKNG,S&P 500; Nasdaq 100,2026-05-27 20:00:04
BKR,BKR,S&P 500; Nasdaq 100,2026-05-27 20:00:04
BLDR,BLDR,S&P 500,2026-05-27 20:00:04
BLK,BLK,S&P 500,2026-05-27 20:00:04
BMY,BMY,S&P 500,2026-05-27 20:00:04
BNY,BNY,S&P 500,2026-05-27 20:00:04
BR,BR,S&P 500,2026-05-27 20:00:04
BRK-B,BRK-B,S&P 500,2026-05-27 20:00:04
BRO,BRO,S&P 500,2026-05-27 20:00:04
BSX,BSX,S&P 500,2026-05-27 20:00:04
BX,BX,S&P 500,2026-05-27 20:00:04
BXP,BXP,S&P 500,2026-05-27 20:00:04
C,C,S&P 500,2026-05-27 20:00:04
CAG,CAG,S&P 500,2026-05-27 20:00:04
CAH,CAH,S&P 500,2026-05-27 20:00:04
CARR,CARR,S&P 500,2026-05-27 20:00:04
CASY,CASY,S&P 500,2026-05-27 20:00:04
CAT,CAT,S&P 500,2026-05-27 20:00:04
CB,CB,S&P 500,2026-05-27 20:00:04
CBOE,CBOE,S&P 500,2026-05-27 20:00:04
CBRE,CBRE,S&P 500,2026-05-27 20:00:04
CCEP,CCEP,Nasdaq 100,2026-05-27 20:00:04
CCI,CCI,S&P 500,2026-05-27 20:00:04
CCL,CCL,S&P 500,2026-05-27 20:00:04
CDNS,CDNS,S&P 500; Nasdaq 100,2026-05-27 20:00:04
CDW,CDW,S&P 500,2026-05-27 20:00:04
CEG,CEG,S&P 500; Nasdaq 100,2026-05-27 20:00:04
CF,CF,S&P 500,2026-05-27 20:00:04
CFG,CFG,S&P 500,2026-05-27 20:00:04
CHD,CHD,S&P 500,2026-05-27 20:00:04
CHRW,CHRW,S&P 500,2026-05-27 20:00:04
CHTR,CHTR,S&P 500; Nasdaq 100,2026-05-27 20:00:04
CI,CI,S&P 500,2026-05-27 20:00:04
CIEN,CIEN,S&P 500,2026-05-27 20:00:04
CINF,CINF,S&P 500,2026-05-27 20:00:04
CL,CL,S&P 500,2026-05-27 20:00:04
CLX,CLX,S&P 500,2026-05-27 20:00:04
CMCSA,CMCSA,S&P 500; Nasdaq 100,2026-05-27 20:00:04
CME,CME,S&P 500,2026-05-27 20:00:04
CMG,CMG,S&P 500,2026-05-27 20:00:04
CMI,CMI,S&P 500,2026-05-27 20:00:04
CMS,CMS,S&P 500,2026-05-27 20:00:04
CNC,CNC,S&P 500,2026-05-27 20:00:04
CNP,CNP,S&P 500,2026-05-27 20:00:04
COF,COF,S&P 500,2026-05-27 20:00:04
COHR,COHR,S&P 500,2026-05-27 20:00:04
COIN,COIN,S&P 500,2026-05-27 20:00:04
COO,COO,S&P 500,2026-05-27 20:00:04
COP,COP,S&P 500,2026-05-27 20:00:04
COR,COR,S&P 500,2026-05-27 20:00:04
COST,COST,S&P 500; Nasdaq 100,2026-05-27 20:00:04
CPAY,CPAY,S&P 500,2026-05-27 20:00:04
CPB,CPB,S&P 500,2026-05-27 20:00:04
CPRT,CPRT,S&P 500; Nasdaq 100,2026-05-27 20:00:04
CPT,CPT,S&P 500,2026-05-27 20:00:04
CRH,CRH,S&P 500,2026-05-27 20:00:04
CRL,CRL,S&P 500,2026-05-27 20:00:04
CRM,CRM,S&P 500,2026-05-27 20:00:04
CRWD,CRWD,S&P 500; Nasdaq 100,2026-05-27 20:00:04
CSCO,CSCO,S&P 500; Nasdaq 100,2026-05-27 20:00:04
CSGP,CSGP,S&P 500,2026-05-27 20:00:04
CSX,CSX,S&P 500; Nasdaq 100,2026-05-27 20:00:04
CTAS,CTAS,S&P 500; Nasdaq 100,2026-05-27 20:00:04
CTSH,CTSH,S&P 500; Nasdaq 100,2026-05-27 20:00:04
CTVA,CTVA,S&P 500,2026-05-27 20:00:04
CVNA,CVNA,S&P 500,2026-05-27 20:00:04
CVS,CVS,S&P 500,2026-05-27 20:00:04
CVX,CVX,S&P 500,2026-05-27 20:00:04
D,D,S&P 500,2026-05-27 20:00:04
DAL,DAL,S&P 500,2026-05-27 20:00:04
DASH,DASH,S&P 500; Nasdaq 100,2026-05-27 20:00:04
DD,DD,S&P 500,2026-05-27 20:00:04
DDOG,DDOG,S&P 500; Nasdaq 100,2026-05-27 20:00:04
DE,DE,S&P 500,2026-05-27 20:00:04
DECK,DECK,S&P 500,2026-05-27 20:00:04
DELL,DELL,S&P 500,2026-05-27 20:00:04
DG,DG,S&P 500,2026-05-27 20:00:04
DGX,DGX,S&P 500,2026-05-27 20:00:04
DHI,DHI,S&P 500,2026-05-27 20:00:04
DHR,DHR,S&P 500,2026-05-27 20:00:04
DIS,DIS,S&P 500,2026-05-27 20:00:04
DLR,DLR,S&P 500,2026-05-27 20:00:04
DLTR,DLTR,S&P 500,2026-05-27 20:00:04
DOC,DOC,S&P 500,2026-05-27 20:00:04
DOV,DOV,S&P 500,2026-05-27 20:00:04
DOW,DOW,S&P 500,2026-05-27 20:00:04
DPZ,DPZ,S&P 500,2026-05-27 20:00:04
DRI,DRI,S&P 500,2026-05-27 20:00:04
DTE,DTE,S&P 500,2026-05-27 20:00:04
DUK,DUK,S&P 500,2026-05-27 20:00:04
DVA,DVA,S&P 500,2026-05-27 20:00:04
DVN,DVN,S&P 500,2026-05-27 20:00:04
DXCM,DXCM,S&P 500; Nasdaq 100,2026-05-27 20:00:04
EA,EA,S&P 500; Nasdaq 100,2026-05-27 20:00:04
EBAY,EBAY,S&P 500,2026-05-27 20:00:04
ECL,ECL,S&P 500,2026-05-27 20:00:04
ED,ED,S&P 500,2026-05-27 20:00:04
EFX,EFX,S&P 500,2026-05-27 20:00:04
EG,EG,S&P 500,2026-05-27 20:00:04
EIX,EIX,S&P 500,2026-05-27 20:00:04
EL,EL,S&P 500,2026-05-27 20:00:04
ELV,ELV,S&P 500,2026-05-27 20:00:04
EME,EME,S&P 500,2026-05-27 20:00:04
EMR,EMR,S&P 500,2026-05-27 20:00:04
EOG,EOG,S&P 500,2026-05-27 20:00:04
EPAM,EPAM,S&P 500,2026-05-27 20:00:04
EQIX,EQIX,S&P 500,2026-05-27 20:00:04
EQR,EQR,S&P 500,2026-05-27 20:00:04
EQT,EQT,S&P 500,2026-05-27 20:00:04
ERIE,ERIE,S&P 500,2026-05-27 20:00:04
ES,ES,S&P 500,2026-05-27 20:00:04
ESS,ESS,S&P 500,2026-05-27 20:00:04
ETN,ETN,S&P 500,2026-05-27 20:00:04
ETR,ETR,S&P 500,2026-05-27 20:00:04
EVRG,EVRG,S&P 500,2026-05-27 20:00:04
EW,EW,S&P 500,2026-05-27 20:00:04
EXC,EXC,S&P 500; Nasdaq 100,2026-05-27 20:00:04
EXE,EXE,S&P 500,2026-05-27 20:00:04
EXPD,EXPD,S&P 500,2026-05-27 20:00:04
EXPE,EXPE,S&P 500,2026-05-27 20:00:04
EXR,EXR,S&P 500,2026-05-27 20:00:04
F,F,S&P 500,2026-05-27 20:00:04
FANG,FANG,S&P 500; Nasdaq 100,2026-05-27 20:00:04
FAST,FAST,S&P 500; Nasdaq 100,2026-05-27 20:00:04
FCX,FCX,S&P 500,2026-05-27 20:00:04
FDS,FDS,S&P 500,2026-05-27 20:00:04
FDX,FDX,S&P 500,2026-05-27 20:00:04
FE,FE,S&P 500,2026-05-27 20:00:04
FER,FER,Nasdaq 100,2026-05-27 20:00:04
FFIV,FFIV,S&P 500,2026-05-27 20:00:04
FICO,FICO,S&P 500,2026-05-27 20:00:04
FIS,FIS,S&P 500,2026-05-27 20:00:04
FISV,FISV,S&P 500,2026-05-27 20:00:04
FITB,FITB,S&P 500,2026-05-27 20:00:04
FIX,FIX,S&P 500,2026-05-27 20:00:04
FOX,FOX,S&P 500,2026-05-27 20:00:04
FOXA,FOXA,S&P 500,2026-05-27 20:00:04
FRT,FRT,S&P 500,2026-05-27 20:00:04
FSLR,FSLR,S&P 500,2026-05-27 20:00:04
FTNT,FTNT,S&P 500; Nasdaq 100,2026-05-27 20:00:04
FTV,FTV,S&P 500,2026-05-27 20:00:04
GD,GD,S&P 500,2026-05-27 20:00:04
GDDY,GDDY,S&P 500,2026-05-27 20:00:04
GE,GE,S&P 500,2026-05-27 20:00:04
GEHC,GEHC,S&P 500; Nasdaq 100,2026-05-27 20:00:04
GEN,GEN,S&P 500,2026-05-27 20:00:04
GEV,GEV,S&P 500,2026-05-27 20:00:04
GILD,GILD,S&P 500; Nasdaq 100,2026-05-27 20:00:04
GIS,GIS,S&P 500,2026-05-27 20:00:04
GL,GL,S&P 500,2026-05-27 20:00:04
GLW,GLW,S&P 500,2026-05-27 20:00:04
GM,GM,S&P 500,2026-05-27 20:00:04
GNRC,GNRC,S&P 500,2026-05-27 20:00:04
GOOG,GOOG,S&P 500; Nasdaq 100,2026-05-27 20:00:04
GOOGL,GOOGL,S&P 500; Nasdaq 100,2026-05-27 20:00:04
GPC,GPC,S&P 500,2026-05-27 20:00:04
GPN,GPN,S&P 500,2026-05-27 20:00:04
GRMN,GRMN,S&P 500,2026-05-27 20:00:04
GS,GS,S&P 500,2026-05-27 20:00:04
GWW,GWW,S&P 500,2026-05-27 20:00:04
HAL,HAL,S&P 500,2026-05-27 20:00:04
HAS,HAS,S&P 500,2026-05-27 20:00:04
HBAN,HBAN,S&P 500,2026-05-27 20:00:04
HCA,HCA,S&P 500,2026-05-27 20:00:04
HD,HD,S&P 500,2026-05-27 20:00:04
HIG,HIG,S&P 500,2026-05-27 20:00:04
HII,HII,S&P 500,2026-05-27 20:00:04
HLT,HLT,S&P 500,2026-05-27 20:00:04
HON,HON,S&P 500; Nasdaq 100,2026-05-27 20:00:04
HOOD,HOOD,S&P 500,2026-05-27 20:00:04
HPE,HPE,S&P 500,2026-05-27 20:00:04
HPQ,HPQ,S&P 500,2026-05-27 20:00:04
HRL,HRL,S&P 500,2026-05-27 20:00:04
HSIC,HSIC,S&P 500,2026-05-27 20:00:04
HST,HST,S&P 500,2026-05-27 20:00:04
HSY,HSY,S&P 500,2026-05-27 20:00:04
HUBB,HUBB,S&P 500,2026-05-27 20:00:04
HUM,HUM,S&P 500,2026-05-27 20:00:04
HWM,HWM,S&P 500,2026-05-27 20:00:04
IBKR,IBKR,S&P 500,2026-05-27 20:00:04
IBM,IBM,S&P 500,2026-05-27 20:00:04
ICE,ICE,S&P 500,2026-05-27 20:00:04
IDXX,IDXX,S&P 500; Nasdaq 100,2026-05-27 20:00:04
IEX,IEX,S&P 500,2026-05-27 20:00:04
IFF,IFF,S&P 500,2026-05-27 20:00:04
INCY,INCY,S&P 500,2026-05-27 20:00:04
INSM,INSM,Nasdaq 100,2026-05-27 20:00:04
INTC,INTC,S&P 500; Nasdaq 100,2026-05-27 20:00:04
INTU,INTU,S&P 500; Nasdaq 100,2026-05-27 20:00:04
INVH,INVH,S&P 500,2026-05-27 20:00:04
IP,IP,S&P 500,2026-05-27 20:00:04
IQV,IQV,S&P 500,2026-05-27 20:00:04
IR,IR,S&P 500,2026-05-27 20:00:04
IRM,IRM,S&P 500,2026-05-27 20:00:04
ISRG,ISRG,S&P 500; Nasdaq 100,2026-05-27 20:00:04
IT,IT,S&P 500,2026-05-27 20:00:04
ITW,ITW,S&P 500,2026-05-27 20:00:04
IVZ,IVZ,S&P 500,2026-05-27 20:00:04
J,J,S&P 500,2026-05-27 20:00:04
JBHT,JBHT,S&P 500,2026-05-27 20:00:04
JBL,JBL,S&P 500,2026-05-27 20:00:04
JCI,JCI,S&P 500,2026-05-27 20:00:04
JKHY,JKHY,S&P 500,2026-05-27 20:00:04
JNJ,JNJ,S&P 500,2026-05-27 20:00:04
JPM,JPM,S&P 500,2026-05-27 20:00:04
KDP,KDP,S&P 500; Nasdaq 100,2026-05-27 20:00:04
KEY,KEY,S&P 500,2026-05-27 20:00:04
KEYS,KEYS,S&P 500,2026-05-27 20:00:04
KHC,KHC,S&P 500; Nasdaq 100,2026-05-27 20:00:04
KIM,KIM,S&P 500,2026-05-27 20:00:04
KKR,KKR,S&P 500,2026-05-27 20:00:04
KLAC,KLAC,S&P 500; Nasdaq 100,2026-05-27 20:00:04
KMB,KMB,S&P 500,2026-05-27 20:00:04
KMI,KMI,S&P 500,2026-05-27 20:00:04
KO,KO,S&P 500,2026-05-27 20:00:04
KR,KR,S&P 500,2026-05-27 20:00:04
KVUE,KVUE,S&P 500,2026-05-27 20:00:04
L,L,S&P 500,2026-05-27 20:00:04
LDOS,LDOS,S&P 500,2026-05-27 20:00:04
LEN,LEN,S&P 500,2026-05-27 20:00:04
LH,LH,S&P 500,2026-05-27 20:00:04
LHX,LHX,S&P 500,2026-05-27 20:00:04
LII,LII,S&P 500,2026-05-27 20:00:04
LIN,LIN,S&P 500; Nasdaq 100,2026-05-27 20:00:04
LITE,LITE,S&P 500; Nasdaq 100,2026-05-27 20:00:04
LLY,LLY,S&P 500,2026-05-27 20:00:04
LMT,LMT,S&P 500,2026-05-27 20:00:04
LNT,LNT,S&P 500,2026-05-27 20:00:04
LOW,LOW,S&P 500,2026-05-27 20:00:04
LRCX,LRCX,S&P 500; Nasdaq 100,2026-05-27 20:00:04
LULU,LULU,S&P 500,2026-05-27 20:00:04
LUV,LUV,S&P 500,2026-05-27 20:00:04
LVS,LVS,S&P 500,2026-05-27 20:00:04
LYB,LYB,S&P 500,2026-05-27 20:00:04
LYV,LYV,S&P 500,2026-05-27 20:00:04
MA,MA,S&P 500,2026-05-27 20:00:04
MAA,MAA,S&P 500,2026-05-27 20:00:04
MAR,MAR,S&P 500; Nasdaq 100,2026-05-27 20:00:04
MAS,MAS,S&P 500,2026-05-27 20:00:04
MCD,MCD,S&P 500,2026-05-27 20:00:04
MCHP,MCHP,S&P 500; Nasdaq 100,2026-05-27 20:00:04
MCK,MCK,S&P 500,2026-05-27 20:00:04
MCO,MCO,S&P 500,2026-05-27 20:00:04
MDLZ,MDLZ,S&P 500; Nasdaq 100,2026-05-27 20:00:04
MDT,MDT,S&P 500,2026-05-27 20:00:04
MELI,MELI,Nasdaq 100,2026-05-27 20:00:04
MET,MET,S&P 500,2026-05-27 20:00:04
META,META,S&P 500; Nasdaq 100,2026-05-27 20:00:04
MGM,MGM,S&P 500,2026-05-27 20:00:04
MKC,MKC,S&P 500,2026-05-27 20:00:04
MLM,MLM,S&P 500,2026-05-27 20:00:04
MMM,MMM,S&P 500,2026-05-27 20:00:04
MNST,MNST,S&P 500; Nasdaq 100,2026-05-27 20:00:04
MO,MO,S&P 500,2026-05-27 20:00:04
MOS,MOS,S&P 500,2026-05-27 20:00:04
MPC,MPC,S&P 500,2026-05-27 20:00:04
MPWR,MPWR,S&P 500; Nasdaq 100,2026-05-27 20:00:04
MRK,MRK,S&P 500,2026-05-27 20:00:04
MRNA,MRNA,S&P 500,2026-05-27 20:00:04
MRSH,MRSH,S&P 500,2026-05-27 20:00:04
MRVL,MRVL,Nasdaq 100,2026-05-27 20:00:04
MS,MS,S&P 500,2026-05-27 20:00:04
MSCI,MSCI,S&P 500,2026-05-27 20:00:04
MSFT,MSFT,S&P 500; Nasdaq 100,2026-05-27 20:00:04
MSI,MSI,S&P 500,2026-05-27 20:00:04
MSTR,MSTR,Nasdaq 100,2026-05-27 20:00:04
MTB,MTB,S&P 500,2026-05-27 20:00:04
MTD,MTD,S&P 500,2026-05-27 20:00:04
MU,MU,S&P 500; Nasdaq 100,2026-05-27 20:00:04
NCLH,NCLH,S&P 500,2026-05-27 20:00:04
NDAQ,NDAQ,S&P 500,2026-05-27 20:00:04
NDSN,NDSN,S&P 500,2026-05-27 20:00:04
NEE,NEE,S&P 500,2026-05-27 20:00:04
NEM,NEM,S&P 500,2026-05-27 20:00:04
NFLX,NFLX,S&P 500; Nasdaq 100,2026-05-27 20:00:04
NI,NI,S&P 500,2026-05-27 20:00:04
NKE,NKE,S&P 500,2026-05-27 20:00:04
NOC,NOC,S&P 500,2026-05-27 20:00:04
NOW,NOW,S&P 500,2026-05-27 20:00:04
NRG,NRG,S&P 500,2026-05-27 20:00:04
NSC,NSC,S&P 500,2026-05-27 20:00:04
NTAP,NTAP,S&P 500,2026-05-27 20:00:04
NTRS,NTRS,S&P 500,2026-05-27 20:00:04
NUE,NUE,S&P 500,2026-05-27 20:00:04
NVDA,NVDA,S&P 500; Nasdaq 100,2026-05-27 20:00:04
NVR,NVR,S&P 500,2026-05-27 20:00:04
NWS,NWS,S&P 500,2026-05-27 20:00:04
NWSA,NWSA,S&P 500,2026-05-27 20:00:04
NXPI,NXPI,S&P 500; Nasdaq 100,2026-05-27 20:00:04
O,O,S&P 500,2026-05-27 20:00:04
ODFL,ODFL,S&P 500; Nasdaq 100,2026-05-27 20:00:04
OKE,OKE,S&P 500,2026-05-27 20:00:04
OMC,OMC,S&P 500,2026-05-27 20:00:04
ON,ON,S&P 500,2026-05-27 20:00:04
ORCL,ORCL,S&P 500,2026-05-27 20:00:04
ORLY,ORLY,S&P 500; Nasdaq 100,2026-05-27 20:00:04
OTIS,OTIS,S&P 500,2026-05-27 20:00:04
OXY,OXY,S&P 500,2026-05-27 20:00:04
PANW,PANW,S&P 500; Nasdaq 100,2026-05-27 20:00:04
PAYX,PAYX,S&P 500; Nasdaq 100,2026-05-27 20:00:04
PCAR,PCAR,S&P 500; Nasdaq 100,2026-05-27 20:00:04
PCG,PCG,S&P 500,2026-05-27 20:00:04
PDD,PDD,Nasdaq 100,2026-05-27 20:00:04
PEG,PEG,S&P 500,2026-05-27 20:00:04
PEP,PEP,S&P 500; Nasdaq 100,2026-05-27 20:00:04
PFE,PFE,S&P 500,2026-05-27 20:00:04
PFG,PFG,S&P 500,2026-05-27 20:00:04
PG,PG,S&P 500,2026-05-27 20:00:04
PGR,PGR,S&P 500,2026-05-27 20:00:04
PH,PH,S&P 500,2026-05-27 20:00:04
PHM,PHM,S&P 500,2026-05-27 20:00:04
PKG,PKG,S&P 500,2026-05-27 20:00:04
PLD,PLD,S&P 500,2026-05-27 20:00:04
PLTR,PLTR,S&P 500; Nasdaq 100,2026-05-27 20:00:04
PM,PM,S&P 500,2026-05-27 20:00:04
PNC,PNC,S&P 500,2026-05-27 20:00:04
PNR,PNR,S&P 500,2026-05-27 20:00:04
PNW,PNW,S&P 500,2026-05-27 20:00:04
PODD,PODD,S&P 500,2026-05-27 20:00:04
POOL,POOL,S&P 500,2026-05-27 20:00:04
PPG,PPG,S&P 500,2026-05-27 20:00:04
PPL,PPL,S&P 500,2026-05-27 20:00:04
PRU,PRU,S&P 500,2026-05-27 20:00:04
PSA,PSA,S&P 500,2026-05-27 20:00:04
PSKY,PSKY,S&P 500,2026-05-27 20:00:04
PSX,PSX,S&P 500,2026-05-27 20:00:04
PTC,PTC,S&P 500,2026-05-27 20:00:04
PWR,PWR,S&P 500,2026-05-27 20:00:04
PYPL,PYPL,S&P 500; Nasdaq 100,2026-05-27 20:00:04
Q,Q,S&P 500,2026-05-27 20:00:04
QCOM,QCOM,S&P 500; Nasdaq 100,2026-05-27 20:00:04
RCL,RCL,S&P 500,2026-05-27 20:00:04
REG,REG,S&P 500,2026-05-27 20:00:04
REGN,REGN,S&P 500; Nasdaq 100,2026-05-27 20:00:04
RF,RF,S&P 500,2026-05-27 20:00:04
RJF,RJF,S&P 500,2026-05-27 20:00:04
RL,RL,S&P 500,2026-05-27 20:00:04
RMD,RMD,S&P 500,2026-05-27 20:00:04
ROK,ROK,S&P 500,2026-05-27 20:00:04
ROL,ROL,S&P 500,2026-05-27 20:00:04
ROP,ROP,S&P 500; Nasdaq 100,2026-05-27 20:00:04
ROST,ROST,S&P 500; Nasdaq 100,2026-05-27 20:00:04
RSG,RSG,S&P 500,2026-05-27 20:00:04
RTX,RTX,S&P 500,2026-05-27 20:00:04
RVTY,RVTY,S&P 500,2026-05-27 20:00:04
SATS,SATS,S&P 500,2026-05-27 20:00:04
SBAC,SBAC,S&P 500,2026-05-27 20:00:04
SBUX,SBUX,S&P 500; Nasdaq 100,2026-05-27 20:00:04
SCHW,SCHW,S&P 500,2026-05-27 20:00:04
SHOP,SHOP,Nasdaq 100,2026-05-27 20:00:04
SHW,SHW,S&P 500,2026-05-27 20:00:04
SJM,SJM,S&P 500,2026-05-27 20:00:04
SLB,SLB,S&P 500,2026-05-27 20:00:04
SMCI,SMCI,S&P 500,2026-05-27 20:00:04
SNA,SNA,S&P 500,2026-05-27 20:00:04
SNDK,SNDK,S&P 500; Nasdaq 100,2026-05-27 20:00:04
SNPS,SNPS,S&P 500; Nasdaq 100,2026-05-27 20:00:04
SO,SO,S&P 500,2026-05-27 20:00:04
SOLV,SOLV,S&P 500,2026-05-27 20:00:04
SPG,SPG,S&P 500,2026-05-27 20:00:04
SPGI,SPGI,S&P 500,2026-05-27 20:00:04
SRE,SRE,S&P 500,2026-05-27 20:00:04
STE,STE,S&P 500,2026-05-27 20:00:04
STLD,STLD,S&P 500,2026-05-27 20:00:04
STT,STT,S&P 500,2026-05-27 20:00:04
STX,STX,S&P 500; Nasdaq 100,2026-05-27 20:00:04
STZ,STZ,S&P 500,2026-05-27 20:00:04
SW,SW,S&P 500,2026-05-27 20:00:04
SWK,SWK,S&P 500,2026-05-27 20:00:04
SWKS,SWKS,S&P 500,2026-05-27 20:00:04
SYF,SYF,S&P 500,2026-05-27 20:00:04
SYK,SYK,S&P 500,2026-05-27 20:00:04
SYY,SYY,S&P 500,2026-05-27 20:00:04
T,T,S&P 500,2026-05-27 20:00:04
TAP,TAP,S&P 500,2026-05-27 20:00:04
TDG,TDG,S&P 500,2026-05-27 20:00:04
TDY,TDY,S&P 500,2026-05-27 20:00:04
TECH,TECH,S&P 500,2026-05-27 20:00:04
TEL,TEL,S&P 500,2026-05-27 20:00:04
TER,TER,S&P 500,2026-05-27 20:00:04
TFC,TFC,S&P 500,2026-05-27 20:00:04
TGT,TGT,S&P 500,2026-05-27 20:00:04
TJX,TJX,S&P 500,2026-05-27 20:00:04
TKO,TKO,S&P 500,2026-05-27 20:00:04
TMO,TMO,S&P 500,2026-05-27 20:00:04
TMUS,TMUS,S&P 500; Nasdaq 100,2026-05-27 20:00:04
TPL,TPL,S&P 500,2026-05-27 20:00:04
TPR,TPR,S&P 500,2026-05-27 20:00:04
TRGP,TRGP,S&P 500,2026-05-27 20:00:04
TRI,TRI,Nasdaq 100,2026-05-27 20:00:04
TRMB,TRMB,S&P 500,2026-05-27 20:00:04
TROW,TROW,S&P 500,2026-05-27 20:00:04
TRV,TRV,S&P 500,2026-05-27 20:00:04
TSCO,TSCO,S&P 500,2026-05-27 20:00:04
TSLA,TSLA,S&P 500; Nasdaq 100,2026-05-27 20:00:04
TSN,TSN,S&P 500,2026-05-27 20:00:04
TT,TT,S&P 500,2026-05-27 20:00:04
TTD,TTD,S&P 500,2026-05-27 20:00:04
TTWO,TTWO,S&P 500; Nasdaq 100,2026-05-27 20:00:04
TXN,TXN,S&P 500; Nasdaq 100,2026-05-27 20:00:04
TXT,TXT,S&P 500,2026-05-27 20:00:04
TYL,TYL,S&P 500,2026-05-27 20:00:04
UAL,UAL,S&P 500,2026-05-27 20:00:04
UBER,UBER,S&P 500,2026-05-27 20:00:04
UDR,UDR,S&P 500,2026-05-27 20:00:04
UHS,UHS,S&P 500,2026-05-27 20:00:04
ULTA,ULTA,S&P 500,2026-05-27 20:00:04
UNH,UNH,S&P 500,2026-05-27 20:00:04
UNP,UNP,S&P 500,2026-05-27 20:00:04
UPS,UPS,S&P 500,2026-05-27 20:00:04
URI,URI,S&P 500,2026-05-27 20:00:04
USB,USB,S&P 500,2026-05-27 20:00:04
V,V,S&P 500,2026-05-27 20:00:04
VEEV,VEEV,S&P 500,2026-05-27 20:00:04
VICI,VICI,S&P 500,2026-05-27 20:00:04
VLO,VLO,S&P 500,2026-05-27 20:00:04
VLTO,VLTO,S&P 500,2026-05-27 20:00:04
VMC,VMC,S&P 500,2026-05-27 20:00:04
VRSK,VRSK,S&P 500; Nasdaq 100,2026-05-27 20:00:04
VRSN,VRSN,S&P 500,2026-05-27 20:00:04
VRT,VRT,S&P 500,2026-05-27 20:00:04
VRTX,VRTX,S&P 500; Nasdaq 100,2026-05-27 20:00:04
VST,VST,S&P 500,2026-05-27 20:00:04
VTR,VTR,S&P 500,2026-05-27 20:00:04
VTRS,VTRS,S&P 500,2026-05-27 20:00:04
VZ,VZ,S&P 500,2026-05-27 20:00:04
WAB,WAB,S&P 500,2026-05-27 20:00:04
WAT,WAT,S&P 500,2026-05-27 20:00:04
WBD,WBD,S&P 500; Nasdaq 100,2026-05-27 20:00:04
WDAY,WDAY,S&P 500; Nasdaq 100,2026-05-27 20:00:04
WDC,WDC,S&P 500; Nasdaq 100,2026-05-27 20:00:04
WEC,WEC,S&P 500,2026-05-27 20:00:04
WELL,WELL,S&P 500,2026-05-27 20:00:04
WFC,WFC,S&P 500,2026-05-27 20:00:04
WM,WM,S&P 500,2026-05-27 20:00:04
WMB,WMB,S&P 500,2026-05-27 20:00:04
WMT,WMT,S&P 500; Nasdaq 100,2026-05-27 20:00:04
WRB,WRB,S&P 500,2026-05-27 20:00:04
WSM,WSM,S&P 500,2026-05-27 20:00:04
WST,WST,S&P 500,2026-05-27 20:00:04
WTW,WTW,S&P 500,2026-05-27 20:00:04
WY,WY,S&P 500,2026-05-27 20:00:04
WYNN,WYNN,S&P 500,2026-05-27 20:00:04
XEL,XEL,S&P 500; Nasdaq 100,2026-05-27 20:00:04
XOM,XOM,S&P 500,2026-05-27 20:00:04
XYL,XYL,S&P 500,2026-05-27 20:00:04
XYZ,XYZ,S&P 500,2026-05-27 20:00:04
YUM,YUM,S&P 500,2026-05-27 20:00:04
ZBH,ZBH,S&P 500,2026-05-27 20:00:04
ZBRA,ZBRA,S&P 500,2026-05-27 20:00:04
ZS,ZS,Nasdaq 100,2026-05-27 20:00:04
ZTS,ZTS,S&P 500,2026-05-27 20:00:04
