date,value,series_id
2015-01-02,2.69,DGS30
2015-01-05,2.6,DGS30
2015-01-06,2.52,DGS30
2015-01-07,2.52,DGS30
2015-01-08,2.59,DGS30
2015-01-09,2.55,DGS30
2015-01-12,2.49,DGS30
2015-01-13,2.49,DGS30
2015-01-14,2.47,DGS30
2015-01-15,2.4,DGS30
2015-01-16,2.44,DGS30
2015-01-20,2.39,DGS30
2015-01-21,2.44,DGS30
2015-01-22,2.46,DGS30
2015-01-23,2.38,DGS30
2015-01-26,2.4,DGS30
2015-01-27,2.4,DGS30
2015-01-28,2.29,DGS30
2015-01-29,2.33,DGS30
2015-01-30,2.25,DGS30
2015-02-02,2.25,DGS30
2015-02-03,2.37,DGS30
2015-02-04,2.39,DGS30
2015-02-05,2.42,DGS30
2015-02-06,2.51,DGS30
2015-02-09,2.52,DGS30
2015-02-10,2.58,DGS30
2015-02-11,2.57,DGS30
2015-02-12,2.58,DGS30
2015-02-13,2.63,DGS30
2015-02-17,2.73,DGS30
2015-02-18,2.7,DGS30
2015-02-19,2.73,DGS30
2015-02-20,2.73,DGS30
2015-02-23,2.66,DGS30
2015-02-24,2.6,DGS30
2015-02-25,2.56,DGS30
2015-02-26,2.63,DGS30
2015-02-27,2.6,DGS30
2015-03-02,2.68,DGS30
2015-03-03,2.71,DGS30
2015-03-04,2.72,DGS30
2015-03-05,2.71,DGS30
2015-03-06,2.83,DGS30
2015-03-09,2.8,DGS30
2015-03-10,2.73,DGS30
2015-03-11,2.69,DGS30
2015-03-12,2.69,DGS30
2015-03-13,2.7,DGS30
2015-03-16,2.67,DGS30
2015-03-17,2.61,DGS30
2015-03-18,2.51,DGS30
2015-03-19,2.54,DGS30
2015-03-20,2.5,DGS30
2015-03-23,2.51,DGS30
2015-03-24,2.46,DGS30
2015-03-25,2.5,DGS30
2015-03-26,2.6,DGS30
2015-03-27,2.53,DGS30
2015-03-30,2.55,DGS30
2015-03-31,2.54,DGS30
2015-04-01,2.47,DGS30
2015-04-02,2.53,DGS30
2015-04-03,2.49,DGS30
2015-04-06,2.57,DGS30
2015-04-07,2.52,DGS30
2015-04-08,2.53,DGS30
2015-04-09,2.61,DGS30
2015-04-10,2.58,DGS30
2015-04-13,2.58,DGS30
2015-04-14,2.54,DGS30
2015-04-15,2.55,DGS30
2015-04-16,2.56,DGS30
2015-04-17,2.51,DGS30
2015-04-20,2.56,DGS30
2015-04-21,2.58,DGS30
2015-04-22,2.66,DGS30
2015-04-23,2.63,DGS30
2015-04-24,2.62,DGS30
2015-04-27,2.61,DGS30
2015-04-28,2.68,DGS30
2015-04-29,2.76,DGS30
2015-04-30,2.75,DGS30
2015-05-01,2.82,DGS30
2015-05-04,2.88,DGS30
2015-05-05,2.9,DGS30
2015-05-06,2.98,DGS30
2015-05-07,2.9,DGS30
2015-05-08,2.9,DGS30
2015-05-11,3.03,DGS30
2015-05-12,3.02,DGS30
2015-05-13,3.07,DGS30
2015-05-14,3.03,DGS30
2015-05-15,2.93,DGS30
2015-05-18,3.02,DGS30
2015-05-19,3.05,DGS30
2015-05-20,3.06,DGS30
2015-05-21,2.98,DGS30
2015-05-22,2.99,DGS30
2015-05-26,2.89,DGS30
2015-05-27,2.88,DGS30
2015-05-28,2.89,DGS30
2015-05-29,2.88,DGS30
2015-06-01,2.94,DGS30
2015-06-02,3.02,DGS30
2015-06-03,3.11,DGS30
2015-06-04,3.03,DGS30
2015-06-05,3.11,DGS30
2015-06-08,3.11,DGS30
2015-06-09,3.15,DGS30
2015-06-10,3.22,DGS30
2015-06-11,3.11,DGS30
2015-06-12,3.1,DGS30
2015-06-15,3.09,DGS30
2015-06-16,3.06,DGS30
2015-06-17,3.09,DGS30
2015-06-18,3.14,DGS30
2015-06-19,3.05,DGS30
2015-06-22,3.16,DGS30
2015-06-23,3.2,DGS30
2015-06-24,3.16,DGS30
2015-06-25,3.16,DGS30
2015-06-26,3.25,DGS30
2015-06-29,3.09,DGS30
2015-06-30,3.11,DGS30
2015-07-01,3.2,DGS30
2015-07-02,3.19,DGS30
2015-07-06,3.08,DGS30
2015-07-07,3.04,DGS30
2015-07-08,2.99,DGS30
2015-07-09,3.11,DGS30
2015-07-10,3.2,DGS30
2015-07-13,3.21,DGS30
2015-07-14,3.2,DGS30
2015-07-15,3.13,DGS30
2015-07-16,3.11,DGS30
2015-07-17,3.08,DGS30
2015-07-20,3.1,DGS30
2015-07-21,3.08,DGS30
2015-07-22,3.04,DGS30
2015-07-23,2.98,DGS30
2015-07-24,2.96,DGS30
2015-07-27,2.93,DGS30
2015-07-28,2.96,DGS30
2015-07-29,2.99,DGS30
2015-07-30,2.96,DGS30
2015-07-31,2.92,DGS30
2015-08-03,2.86,DGS30
2015-08-04,2.9,DGS30
2015-08-05,2.94,DGS30
2015-08-06,2.9,DGS30
2015-08-07,2.83,DGS30
2015-08-10,2.89,DGS30
2015-08-11,2.81,DGS30
2015-08-12,2.84,DGS30
2015-08-13,2.86,DGS30
2015-08-14,2.84,DGS30
2015-08-17,2.81,DGS30
2015-08-18,2.87,DGS30
2015-08-19,2.81,DGS30
2015-08-20,2.76,DGS30
2015-08-21,2.74,DGS30
2015-08-24,2.73,DGS30
2015-08-25,2.84,DGS30
2015-08-26,2.94,DGS30
2015-08-27,2.93,DGS30
2015-08-28,2.92,DGS30
2015-08-31,2.95,DGS30
2015-09-01,2.93,DGS30
2015-09-02,2.97,DGS30
2015-09-03,2.95,DGS30
2015-09-04,2.89,DGS30
2015-09-08,2.97,DGS30
2015-09-09,2.96,DGS30
2015-09-10,2.98,DGS30
2015-09-11,2.95,DGS30
2015-09-14,2.95,DGS30
2015-09-15,3.06,DGS30
2015-09-16,3.08,DGS30
2015-09-17,3.02,DGS30
2015-09-18,2.93,DGS30
2015-09-21,3.02,DGS30
2015-09-22,2.94,DGS30
2015-09-23,2.95,DGS30
2015-09-24,2.91,DGS30
2015-09-25,2.96,DGS30
2015-09-28,2.87,DGS30
2015-09-29,2.85,DGS30
2015-09-30,2.87,DGS30
2015-10-01,2.85,DGS30
2015-10-02,2.82,DGS30
2015-10-05,2.9,DGS30
2015-10-06,2.88,DGS30
2015-10-07,2.89,DGS30
2015-10-08,2.96,DGS30
2015-10-09,2.94,DGS30
2015-10-13,2.89,DGS30
2015-10-14,2.84,DGS30
2015-10-15,2.87,DGS30
2015-10-16,2.87,DGS30
2015-10-19,2.89,DGS30
2015-10-20,2.92,DGS30
2015-10-21,2.87,DGS30
2015-10-22,2.87,DGS30
2015-10-23,2.9,DGS30
2015-10-26,2.87,DGS30
2015-10-27,2.86,DGS30
2015-10-28,2.87,DGS30
2015-10-29,2.96,DGS30
2015-10-30,2.93,DGS30
2015-11-02,2.95,DGS30
2015-11-03,3.0,DGS30
2015-11-04,3.0,DGS30
2015-11-05,3.01,DGS30
2015-11-06,3.09,DGS30
2015-11-09,3.12,DGS30
2015-11-10,3.1,DGS30
2015-11-12,3.09,DGS30
2015-11-13,3.06,DGS30
2015-11-16,3.07,DGS30
2015-11-17,3.04,DGS30
2015-11-18,3.04,DGS30
2015-11-19,3.0,DGS30
2015-11-20,3.02,DGS30
2015-11-23,3.0,DGS30
2015-11-24,3.0,DGS30
2015-11-25,3.0,DGS30
2015-11-27,3.0,DGS30
2015-11-30,2.98,DGS30
2015-12-01,2.91,DGS30
2015-12-02,2.91,DGS30
2015-12-03,3.07,DGS30
2015-12-04,3.01,DGS30
2015-12-07,2.95,DGS30
2015-12-08,2.97,DGS30
2015-12-09,2.97,DGS30
2015-12-10,2.98,DGS30
2015-12-11,2.87,DGS30
2015-12-14,2.96,DGS30
2015-12-15,3.0,DGS30
2015-12-16,3.02,DGS30
2015-12-17,2.94,DGS30
2015-12-18,2.9,DGS30
2015-12-21,2.92,DGS30
2015-12-22,2.96,DGS30
2015-12-23,3.0,DGS30
2015-12-24,2.96,DGS30
2015-12-28,2.95,DGS30
2015-12-29,3.04,DGS30
2015-12-30,3.04,DGS30
2015-12-31,3.01,DGS30
2016-01-04,2.98,DGS30
2016-01-05,3.01,DGS30
2016-01-06,2.94,DGS30
2016-01-07,2.92,DGS30
2016-01-08,2.91,DGS30
2016-01-11,2.96,DGS30
2016-01-12,2.89,DGS30
2016-01-13,2.85,DGS30
2016-01-14,2.9,DGS30
2016-01-15,2.81,DGS30
2016-01-19,2.82,DGS30
2016-01-20,2.77,DGS30
2016-01-21,2.79,DGS30
2016-01-22,2.83,DGS30
2016-01-25,2.8,DGS30
2016-01-26,2.79,DGS30
2016-01-27,2.8,DGS30
2016-01-28,2.79,DGS30
2016-01-29,2.75,DGS30
2016-02-01,2.77,DGS30
2016-02-02,2.67,DGS30
2016-02-03,2.7,DGS30
2016-02-04,2.7,DGS30
2016-02-05,2.68,DGS30
2016-02-08,2.56,DGS30
2016-02-09,2.55,DGS30
2016-02-10,2.53,DGS30
2016-02-11,2.5,DGS30
2016-02-12,2.6,DGS30
2016-02-16,2.64,DGS30
2016-02-17,2.68,DGS30
2016-02-18,2.62,DGS30
2016-02-19,2.61,DGS30
2016-02-22,2.62,DGS30
2016-02-23,2.6,DGS30
2016-02-24,2.61,DGS30
2016-02-25,2.58,DGS30
2016-02-26,2.63,DGS30
2016-02-29,2.61,DGS30
2016-03-01,2.7,DGS30
2016-03-02,2.69,DGS30
2016-03-03,2.65,DGS30
2016-03-04,2.7,DGS30
2016-03-07,2.71,DGS30
2016-03-08,2.63,DGS30
2016-03-09,2.68,DGS30
2016-03-10,2.7,DGS30
2016-03-11,2.75,DGS30
2016-03-14,2.74,DGS30
2016-03-15,2.73,DGS30
2016-03-16,2.73,DGS30
2016-03-17,2.69,DGS30
2016-03-18,2.68,DGS30
2016-03-21,2.72,DGS30
2016-03-22,2.72,DGS30
2016-03-23,2.65,DGS30
2016-03-24,2.67,DGS30
2016-03-28,2.66,DGS30
2016-03-29,2.6,DGS30
2016-03-30,2.65,DGS30
2016-03-31,2.61,DGS30
2016-04-01,2.62,DGS30
2016-04-04,2.6,DGS30
2016-04-05,2.54,DGS30
2016-04-06,2.58,DGS30
2016-04-07,2.52,DGS30
2016-04-08,2.55,DGS30
2016-04-11,2.56,DGS30
2016-04-12,2.61,DGS30
2016-04-13,2.58,DGS30
2016-04-14,2.61,DGS30
2016-04-15,2.56,DGS30
2016-04-18,2.58,DGS30
2016-04-19,2.6,DGS30
2016-04-20,2.66,DGS30
2016-04-21,2.69,DGS30
2016-04-22,2.7,DGS30
2016-04-25,2.72,DGS30
2016-04-26,2.76,DGS30
2016-04-27,2.71,DGS30
2016-04-28,2.68,DGS30
2016-04-29,2.66,DGS30
2016-05-02,2.71,DGS30
2016-05-03,2.66,DGS30
2016-05-04,2.64,DGS30
2016-05-05,2.6,DGS30
2016-05-06,2.62,DGS30
2016-05-09,2.61,DGS30
2016-05-10,2.61,DGS30
2016-05-11,2.58,DGS30
2016-05-12,2.6,DGS30
2016-05-13,2.55,DGS30
2016-05-16,2.59,DGS30
2016-05-17,2.59,DGS30
2016-05-18,2.67,DGS30
2016-05-19,2.64,DGS30
2016-05-20,2.63,DGS30
2016-05-23,2.63,DGS30
2016-05-24,2.65,DGS30
2016-05-25,2.67,DGS30
2016-05-26,2.64,DGS30
2016-05-27,2.65,DGS30
2016-05-31,2.64,DGS30
2016-06-01,2.63,DGS30
2016-06-02,2.58,DGS30
2016-06-03,2.52,DGS30
2016-06-06,2.55,DGS30
2016-06-07,2.54,DGS30
2016-06-08,2.51,DGS30
2016-06-09,2.48,DGS30
2016-06-10,2.44,DGS30
2016-06-13,2.43,DGS30
2016-06-14,2.43,DGS30
2016-06-15,2.43,DGS30
2016-06-16,2.39,DGS30
2016-06-17,2.43,DGS30
2016-06-20,2.47,DGS30
2016-06-21,2.5,DGS30
2016-06-22,2.5,DGS30
2016-06-23,2.55,DGS30
2016-06-24,2.42,DGS30
2016-06-27,2.28,DGS30
2016-06-28,2.27,DGS30
2016-06-29,2.3,DGS30
2016-06-30,2.3,DGS30
2016-07-01,2.24,DGS30
2016-07-05,2.14,DGS30
2016-07-06,2.14,DGS30
2016-07-07,2.14,DGS30
2016-07-08,2.11,DGS30
2016-07-11,2.14,DGS30
2016-07-12,2.24,DGS30
2016-07-13,2.18,DGS30
2016-07-14,2.25,DGS30
2016-07-15,2.3,DGS30
2016-07-18,2.3,DGS30
2016-07-19,2.27,DGS30
2016-07-20,2.3,DGS30
2016-07-21,2.29,DGS30
2016-07-22,2.29,DGS30
2016-07-25,2.29,DGS30
2016-07-26,2.28,DGS30
2016-07-27,2.23,DGS30
2016-07-28,2.23,DGS30
2016-07-29,2.18,DGS30
2016-08-01,2.24,DGS30
2016-08-02,2.29,DGS30
2016-08-03,2.29,DGS30
2016-08-04,2.25,DGS30
2016-08-05,2.32,DGS30
2016-08-08,2.3,DGS30
2016-08-09,2.25,DGS30
2016-08-10,2.23,DGS30
2016-08-11,2.28,DGS30
2016-08-12,2.23,DGS30
2016-08-15,2.27,DGS30
2016-08-16,2.29,DGS30
2016-08-17,2.27,DGS30
2016-08-18,2.26,DGS30
2016-08-19,2.29,DGS30
2016-08-22,2.24,DGS30
2016-08-23,2.24,DGS30
2016-08-24,2.24,DGS30
2016-08-25,2.27,DGS30
2016-08-26,2.29,DGS30
2016-08-29,2.22,DGS30
2016-08-30,2.23,DGS30
2016-08-31,2.23,DGS30
2016-09-01,2.23,DGS30
2016-09-02,2.28,DGS30
2016-09-06,2.24,DGS30
2016-09-07,2.23,DGS30
2016-09-08,2.32,DGS30
2016-09-09,2.39,DGS30
2016-09-12,2.4,DGS30
2016-09-13,2.47,DGS30
2016-09-14,2.44,DGS30
2016-09-15,2.48,DGS30
2016-09-16,2.44,DGS30
2016-09-19,2.45,DGS30
2016-09-20,2.43,DGS30
2016-09-21,2.39,DGS30
2016-09-22,2.34,DGS30
2016-09-23,2.34,DGS30
2016-09-26,2.32,DGS30
2016-09-27,2.28,DGS30
2016-09-28,2.29,DGS30
2016-09-29,2.28,DGS30
2016-09-30,2.32,DGS30
2016-10-03,2.34,DGS30
2016-10-04,2.4,DGS30
2016-10-05,2.44,DGS30
2016-10-06,2.46,DGS30
2016-10-07,2.46,DGS30
2016-10-11,2.5,DGS30
2016-10-12,2.51,DGS30
2016-10-13,2.48,DGS30
2016-10-14,2.55,DGS30
2016-10-17,2.52,DGS30
2016-10-18,2.51,DGS30
2016-10-19,2.51,DGS30
2016-10-20,2.5,DGS30
2016-10-21,2.48,DGS30
2016-10-24,2.52,DGS30
2016-10-25,2.5,DGS30
2016-10-26,2.53,DGS30
2016-10-27,2.6,DGS30
2016-10-28,2.62,DGS30
2016-10-31,2.58,DGS30
2016-11-01,2.58,DGS30
2016-11-02,2.56,DGS30
2016-11-03,2.6,DGS30
2016-11-04,2.56,DGS30
2016-11-07,2.6,DGS30
2016-11-08,2.63,DGS30
2016-11-09,2.88,DGS30
2016-11-10,2.94,DGS30
2016-11-14,2.99,DGS30
2016-11-15,2.97,DGS30
2016-11-16,2.92,DGS30
2016-11-17,3.01,DGS30
2016-11-18,3.01,DGS30
2016-11-21,3.0,DGS30
2016-11-22,3.0,DGS30
2016-11-23,3.02,DGS30
2016-11-25,3.01,DGS30
2016-11-28,2.99,DGS30
2016-11-29,2.95,DGS30
2016-11-30,3.02,DGS30
2016-12-01,3.1,DGS30
2016-12-02,3.08,DGS30
2016-12-05,3.05,DGS30
2016-12-06,3.08,DGS30
2016-12-07,3.02,DGS30
2016-12-08,3.1,DGS30
2016-12-09,3.16,DGS30
2016-12-12,3.16,DGS30
2016-12-13,3.14,DGS30
2016-12-14,3.14,DGS30
2016-12-15,3.16,DGS30
2016-12-16,3.19,DGS30
2016-12-19,3.12,DGS30
2016-12-20,3.15,DGS30
2016-12-21,3.12,DGS30
2016-12-22,3.12,DGS30
2016-12-23,3.12,DGS30
2016-12-27,3.14,DGS30
2016-12-28,3.09,DGS30
2016-12-29,3.08,DGS30
2016-12-30,3.06,DGS30
2017-01-03,3.04,DGS30
2017-01-04,3.05,DGS30
2017-01-05,2.96,DGS30
2017-01-06,3.0,DGS30
2017-01-09,2.97,DGS30
2017-01-10,2.97,DGS30
2017-01-11,2.96,DGS30
2017-01-12,3.01,DGS30
2017-01-13,2.99,DGS30
2017-01-17,2.93,DGS30
2017-01-18,3.0,DGS30
2017-01-19,3.04,DGS30
2017-01-20,3.05,DGS30
2017-01-23,2.99,DGS30
2017-01-24,3.05,DGS30
2017-01-25,3.1,DGS30
2017-01-26,3.08,DGS30
2017-01-27,3.06,DGS30
2017-01-30,3.08,DGS30
2017-01-31,3.05,DGS30
2017-02-01,3.08,DGS30
2017-02-02,3.09,DGS30
2017-02-03,3.11,DGS30
2017-02-06,3.05,DGS30
2017-02-07,3.02,DGS30
2017-02-08,2.96,DGS30
2017-02-09,3.02,DGS30
2017-02-10,3.01,DGS30
2017-02-13,3.03,DGS30
2017-02-14,3.07,DGS30
2017-02-15,3.09,DGS30
2017-02-16,3.05,DGS30
2017-02-17,3.03,DGS30
2017-02-21,3.04,DGS30
2017-02-22,3.04,DGS30
2017-02-23,3.02,DGS30
2017-02-24,2.95,DGS30
2017-02-27,2.98,DGS30
2017-02-28,2.97,DGS30
2017-03-01,3.06,DGS30
2017-03-02,3.09,DGS30
2017-03-03,3.08,DGS30
2017-03-06,3.1,DGS30
2017-03-07,3.11,DGS30
2017-03-08,3.15,DGS30
2017-03-09,3.19,DGS30
2017-03-10,3.16,DGS30
2017-03-13,3.2,DGS30
2017-03-14,3.17,DGS30
2017-03-15,3.11,DGS30
2017-03-16,3.14,DGS30
2017-03-17,3.11,DGS30
2017-03-20,3.08,DGS30
2017-03-21,3.04,DGS30
2017-03-22,3.02,DGS30
2017-03-23,3.02,DGS30
2017-03-24,3.0,DGS30
2017-03-27,2.98,DGS30
2017-03-28,3.02,DGS30
2017-03-29,2.99,DGS30
2017-03-30,3.03,DGS30
2017-03-31,3.02,DGS30
2017-04-03,2.98,DGS30
2017-04-04,2.99,DGS30
2017-04-05,2.98,DGS30
2017-04-06,2.99,DGS30
2017-04-07,3.0,DGS30
2017-04-10,2.99,DGS30
2017-04-11,2.93,DGS30
2017-04-12,2.92,DGS30
2017-04-13,2.89,DGS30
2017-04-17,2.92,DGS30
2017-04-18,2.84,DGS30
2017-04-19,2.87,DGS30
2017-04-20,2.89,DGS30
2017-04-21,2.89,DGS30
2017-04-24,2.93,DGS30
2017-04-25,2.99,DGS30
2017-04-26,2.97,DGS30
2017-04-27,2.96,DGS30
2017-04-28,2.96,DGS30
2017-05-01,3.0,DGS30
2017-05-02,2.97,DGS30
2017-05-03,2.97,DGS30
2017-05-04,3.0,DGS30
2017-05-05,2.99,DGS30
2017-05-08,3.02,DGS30
2017-05-09,3.04,DGS30
2017-05-10,3.03,DGS30
2017-05-11,3.03,DGS30
2017-05-12,2.98,DGS30
2017-05-15,3.0,DGS30
2017-05-16,2.99,DGS30
2017-05-17,2.91,DGS30
2017-05-18,2.9,DGS30
2017-05-19,2.9,DGS30
2017-05-22,2.91,DGS30
2017-05-23,2.95,DGS30
2017-05-24,2.92,DGS30
2017-05-25,2.92,DGS30
2017-05-26,2.92,DGS30
2017-05-30,2.88,DGS30
2017-05-31,2.87,DGS30
2017-06-01,2.87,DGS30
2017-06-02,2.8,DGS30
2017-06-05,2.84,DGS30
2017-06-06,2.81,DGS30
2017-06-07,2.84,DGS30
2017-06-08,2.85,DGS30
2017-06-09,2.86,DGS30
2017-06-12,2.86,DGS30
2017-06-13,2.87,DGS30
2017-06-14,2.79,DGS30
2017-06-15,2.78,DGS30
2017-06-16,2.78,DGS30
2017-06-19,2.79,DGS30
2017-06-20,2.74,DGS30
2017-06-21,2.73,DGS30
2017-06-22,2.72,DGS30
2017-06-23,2.71,DGS30
2017-06-26,2.7,DGS30
2017-06-27,2.75,DGS30
2017-06-28,2.77,DGS30
2017-06-29,2.82,DGS30
2017-06-30,2.84,DGS30
2017-07-03,2.86,DGS30
2017-07-05,2.85,DGS30
2017-07-06,2.9,DGS30
2017-07-07,2.93,DGS30
2017-07-10,2.93,DGS30
2017-07-11,2.92,DGS30
2017-07-12,2.89,DGS30
2017-07-13,2.92,DGS30
2017-07-14,2.91,DGS30
2017-07-17,2.89,DGS30
2017-07-18,2.85,DGS30
2017-07-19,2.85,DGS30
2017-07-20,2.83,DGS30
2017-07-21,2.81,DGS30
2017-07-24,2.83,DGS30
2017-07-25,2.91,DGS30
2017-07-26,2.89,DGS30
2017-07-27,2.93,DGS30
2017-07-28,2.89,DGS30
2017-07-31,2.89,DGS30
2017-08-01,2.86,DGS30
2017-08-02,2.85,DGS30
2017-08-03,2.81,DGS30
2017-08-04,2.84,DGS30
2017-08-07,2.84,DGS30
2017-08-08,2.86,DGS30
2017-08-09,2.82,DGS30
2017-08-10,2.79,DGS30
2017-08-11,2.79,DGS30
2017-08-14,2.81,DGS30
2017-08-15,2.84,DGS30
2017-08-16,2.81,DGS30
2017-08-17,2.78,DGS30
2017-08-18,2.78,DGS30
2017-08-21,2.77,DGS30
2017-08-22,2.79,DGS30
2017-08-23,2.75,DGS30
2017-08-24,2.77,DGS30
2017-08-25,2.75,DGS30
2017-08-28,2.76,DGS30
2017-08-29,2.74,DGS30
2017-08-30,2.75,DGS30
2017-08-31,2.73,DGS30
2017-09-01,2.77,DGS30
2017-09-05,2.69,DGS30
2017-09-06,2.72,DGS30
2017-09-07,2.66,DGS30
2017-09-08,2.67,DGS30
2017-09-11,2.75,DGS30
2017-09-12,2.78,DGS30
2017-09-13,2.79,DGS30
2017-09-14,2.77,DGS30
2017-09-15,2.77,DGS30
2017-09-18,2.8,DGS30
2017-09-19,2.81,DGS30
2017-09-20,2.82,DGS30
2017-09-21,2.8,DGS30
2017-09-22,2.8,DGS30
2017-09-25,2.76,DGS30
2017-09-26,2.78,DGS30
2017-09-27,2.86,DGS30
2017-09-28,2.87,DGS30
2017-09-29,2.86,DGS30
2017-10-02,2.87,DGS30
2017-10-03,2.87,DGS30
2017-10-04,2.87,DGS30
2017-10-05,2.89,DGS30
2017-10-06,2.91,DGS30
2017-10-10,2.88,DGS30
2017-10-11,2.88,DGS30
2017-10-12,2.86,DGS30
2017-10-13,2.81,DGS30
2017-10-16,2.82,DGS30
2017-10-17,2.8,DGS30
2017-10-18,2.85,DGS30
2017-10-19,2.83,DGS30
2017-10-20,2.89,DGS30
2017-10-23,2.89,DGS30
2017-10-24,2.92,DGS30
2017-10-25,2.95,DGS30
2017-10-26,2.96,DGS30
2017-10-27,2.93,DGS30
2017-10-30,2.88,DGS30
2017-10-31,2.88,DGS30
2017-11-01,2.85,DGS30
2017-11-02,2.83,DGS30
2017-11-03,2.82,DGS30
2017-11-06,2.8,DGS30
2017-11-07,2.77,DGS30
2017-11-08,2.79,DGS30
2017-11-09,2.81,DGS30
2017-11-10,2.88,DGS30
2017-11-13,2.87,DGS30
2017-11-14,2.84,DGS30
2017-11-15,2.77,DGS30
2017-11-16,2.81,DGS30
2017-11-17,2.78,DGS30
2017-11-20,2.78,DGS30
2017-11-21,2.76,DGS30
2017-11-22,2.75,DGS30
2017-11-24,2.76,DGS30
2017-11-27,2.76,DGS30
2017-11-28,2.77,DGS30
2017-11-29,2.81,DGS30
2017-11-30,2.83,DGS30
2017-12-01,2.76,DGS30
2017-12-04,2.77,DGS30
2017-12-05,2.73,DGS30
2017-12-06,2.71,DGS30
2017-12-07,2.76,DGS30
2017-12-08,2.77,DGS30
2017-12-11,2.77,DGS30
2017-12-12,2.79,DGS30
2017-12-13,2.74,DGS30
2017-12-14,2.71,DGS30
2017-12-15,2.68,DGS30
2017-12-18,2.74,DGS30
2017-12-19,2.82,DGS30
2017-12-20,2.88,DGS30
2017-12-21,2.84,DGS30
2017-12-22,2.83,DGS30
2017-12-26,2.82,DGS30
2017-12-27,2.75,DGS30
2017-12-28,2.75,DGS30
2017-12-29,2.74,DGS30
2018-01-02,2.81,DGS30
2018-01-03,2.78,DGS30
2018-01-04,2.79,DGS30
2018-01-05,2.81,DGS30
2018-01-08,2.81,DGS30
2018-01-09,2.88,DGS30
2018-01-10,2.88,DGS30
2018-01-11,2.91,DGS30
2018-01-12,2.85,DGS30
2018-01-16,2.83,DGS30
2018-01-17,2.84,DGS30
2018-01-18,2.9,DGS30
2018-01-19,2.91,DGS30
2018-01-22,2.93,DGS30
2018-01-23,2.9,DGS30
2018-01-24,2.93,DGS30
2018-01-25,2.89,DGS30
2018-01-26,2.91,DGS30
2018-01-29,2.94,DGS30
2018-01-30,2.98,DGS30
2018-01-31,2.95,DGS30
2018-02-01,3.01,DGS30
2018-02-02,3.08,DGS30
2018-02-05,3.04,DGS30
2018-02-06,3.06,DGS30
2018-02-07,3.12,DGS30
2018-02-08,3.14,DGS30
2018-02-09,3.14,DGS30
2018-02-12,3.14,DGS30
2018-02-13,3.11,DGS30
2018-02-14,3.18,DGS30
2018-02-15,3.15,DGS30
2018-02-16,3.13,DGS30
2018-02-20,3.15,DGS30
2018-02-21,3.22,DGS30
2018-02-22,3.21,DGS30
2018-02-23,3.16,DGS30
2018-02-26,3.15,DGS30
2018-02-27,3.17,DGS30
2018-02-28,3.13,DGS30
2018-03-01,3.09,DGS30
2018-03-02,3.14,DGS30
2018-03-05,3.16,DGS30
2018-03-06,3.14,DGS30
2018-03-07,3.15,DGS30
2018-03-08,3.13,DGS30
2018-03-09,3.16,DGS30
2018-03-12,3.13,DGS30
2018-03-13,3.1,DGS30
2018-03-14,3.05,DGS30
2018-03-15,3.05,DGS30
2018-03-16,3.08,DGS30
2018-03-19,3.09,DGS30
2018-03-20,3.12,DGS30
2018-03-21,3.12,DGS30
2018-03-22,3.06,DGS30
2018-03-23,3.06,DGS30
2018-03-26,3.08,DGS30
2018-03-27,3.03,DGS30
2018-03-28,3.01,DGS30
2018-03-29,2.97,DGS30
2018-04-02,2.97,DGS30
2018-04-03,3.02,DGS30
2018-04-04,3.03,DGS30
2018-04-05,3.07,DGS30
2018-04-06,3.01,DGS30
2018-04-09,3.02,DGS30
2018-04-10,3.02,DGS30
2018-04-11,2.99,DGS30
2018-04-12,3.05,DGS30
2018-04-13,3.03,DGS30
2018-04-16,3.03,DGS30
2018-04-17,3.0,DGS30
2018-04-18,3.06,DGS30
2018-04-19,3.11,DGS30
2018-04-20,3.14,DGS30
2018-04-23,3.15,DGS30
2018-04-24,3.18,DGS30
2018-04-25,3.21,DGS30
2018-04-26,3.18,DGS30
2018-04-27,3.13,DGS30
2018-04-30,3.11,DGS30
2018-05-01,3.13,DGS30
2018-05-02,3.14,DGS30
2018-05-03,3.12,DGS30
2018-05-04,3.12,DGS30
2018-05-07,3.12,DGS30
2018-05-08,3.13,DGS30
2018-05-09,3.16,DGS30
2018-05-10,3.12,DGS30
2018-05-11,3.1,DGS30
2018-05-14,3.13,DGS30
2018-05-15,3.2,DGS30
2018-05-16,3.21,DGS30
2018-05-17,3.25,DGS30
2018-05-18,3.2,DGS30
2018-05-21,3.2,DGS30
2018-05-22,3.21,DGS30
2018-05-23,3.17,DGS30
2018-05-24,3.13,DGS30
2018-05-25,3.09,DGS30
2018-05-29,2.96,DGS30
2018-05-30,3.01,DGS30
2018-05-31,3.0,DGS30
2018-06-01,3.04,DGS30
2018-06-04,3.08,DGS30
2018-06-05,3.07,DGS30
2018-06-06,3.13,DGS30
2018-06-07,3.08,DGS30
2018-06-08,3.08,DGS30
2018-06-11,3.1,DGS30
2018-06-12,3.09,DGS30
2018-06-13,3.1,DGS30
2018-06-14,3.05,DGS30
2018-06-15,3.05,DGS30
2018-06-18,3.05,DGS30
2018-06-19,3.02,DGS30
2018-06-20,3.06,DGS30
2018-06-21,3.04,DGS30
2018-06-22,3.04,DGS30
2018-06-25,3.02,DGS30
2018-06-26,3.03,DGS30
2018-06-27,2.97,DGS30
2018-06-28,2.97,DGS30
2018-06-29,2.98,DGS30
2018-07-02,2.99,DGS30
2018-07-03,2.96,DGS30
2018-07-05,2.95,DGS30
2018-07-06,2.94,DGS30
2018-07-09,2.96,DGS30
2018-07-10,2.97,DGS30
2018-07-11,2.95,DGS30
2018-07-12,2.95,DGS30
2018-07-13,2.94,DGS30
2018-07-16,2.96,DGS30
2018-07-17,2.97,DGS30
2018-07-18,2.99,DGS30
2018-07-19,2.96,DGS30
2018-07-20,3.03,DGS30
2018-07-23,3.1,DGS30
2018-07-24,3.08,DGS30
2018-07-25,3.06,DGS30
2018-07-26,3.1,DGS30
2018-07-27,3.09,DGS30
2018-07-30,3.11,DGS30
2018-07-31,3.08,DGS30
2018-08-01,3.13,DGS30
2018-08-02,3.12,DGS30
2018-08-03,3.09,DGS30
2018-08-06,3.08,DGS30
2018-08-07,3.12,DGS30
2018-08-08,3.12,DGS30
2018-08-09,3.08,DGS30
2018-08-10,3.03,DGS30
2018-08-13,3.05,DGS30
2018-08-14,3.06,DGS30
2018-08-15,3.03,DGS30
2018-08-16,3.03,DGS30
2018-08-17,3.03,DGS30
2018-08-20,2.99,DGS30
2018-08-21,3.0,DGS30
2018-08-22,2.99,DGS30
2018-08-23,2.97,DGS30
2018-08-24,2.97,DGS30
2018-08-27,3.0,DGS30
2018-08-28,3.03,DGS30
2018-08-29,3.02,DGS30
2018-08-30,3.0,DGS30
2018-08-31,3.02,DGS30
2018-09-04,3.07,DGS30
2018-09-05,3.08,DGS30
2018-09-06,3.06,DGS30
2018-09-07,3.11,DGS30
2018-09-10,3.09,DGS30
2018-09-11,3.13,DGS30
2018-09-12,3.11,DGS30
2018-09-13,3.11,DGS30
2018-09-14,3.13,DGS30
2018-09-17,3.13,DGS30
2018-09-18,3.2,DGS30
2018-09-19,3.23,DGS30
2018-09-20,3.21,DGS30
2018-09-21,3.2,DGS30
2018-09-24,3.21,DGS30
2018-09-25,3.23,DGS30
2018-09-26,3.19,DGS30
2018-09-27,3.19,DGS30
2018-09-28,3.19,DGS30
2018-10-01,3.24,DGS30
2018-10-02,3.2,DGS30
2018-10-03,3.3,DGS30
2018-10-04,3.35,DGS30
2018-10-05,3.4,DGS30
2018-10-09,3.37,DGS30
2018-10-10,3.39,DGS30
2018-10-11,3.32,DGS30
2018-10-12,3.32,DGS30
2018-10-15,3.34,DGS30
2018-10-16,3.32,DGS30
2018-10-17,3.35,DGS30
2018-10-18,3.36,DGS30
2018-10-19,3.38,DGS30
2018-10-22,3.38,DGS30
2018-10-23,3.37,DGS30
2018-10-24,3.33,DGS30
2018-10-25,3.35,DGS30
2018-10-26,3.32,DGS30
2018-10-29,3.33,DGS30
2018-10-30,3.36,DGS30
2018-10-31,3.39,DGS30
2018-11-01,3.38,DGS30
2018-11-02,3.46,DGS30
2018-11-05,3.43,DGS30
2018-11-06,3.43,DGS30
2018-11-07,3.43,DGS30
2018-11-08,3.43,DGS30
2018-11-09,3.4,DGS30
2018-11-13,3.36,DGS30
2018-11-14,3.35,DGS30
2018-11-15,3.36,DGS30
2018-11-16,3.33,DGS30
2018-11-19,3.32,DGS30
2018-11-20,3.31,DGS30
2018-11-21,3.31,DGS30
2018-11-23,3.31,DGS30
2018-11-26,3.32,DGS30
2018-11-27,3.32,DGS30
2018-11-28,3.34,DGS30
2018-11-29,3.33,DGS30
2018-11-30,3.3,DGS30
2018-12-03,3.27,DGS30
2018-12-04,3.16,DGS30
2018-12-06,3.14,DGS30
2018-12-07,3.14,DGS30
2018-12-10,3.13,DGS30
2018-12-11,3.13,DGS30
2018-12-12,3.15,DGS30
2018-12-13,3.16,DGS30
2018-12-14,3.14,DGS30
2018-12-17,3.11,DGS30
2018-12-18,3.07,DGS30
2018-12-19,3.0,DGS30
2018-12-20,3.02,DGS30
2018-12-21,3.03,DGS30
2018-12-24,3.0,DGS30
2018-12-26,3.06,DGS30
2018-12-27,3.05,DGS30
2018-12-28,3.04,DGS30
2018-12-31,3.02,DGS30
2019-01-02,2.97,DGS30
2019-01-03,2.92,DGS30
2019-01-04,2.98,DGS30
2019-01-07,2.99,DGS30
2019-01-08,3.0,DGS30
2019-01-09,3.03,DGS30
2019-01-10,3.06,DGS30
2019-01-11,3.04,DGS30
2019-01-14,3.06,DGS30
2019-01-15,3.08,DGS30
2019-01-16,3.07,DGS30
2019-01-17,3.07,DGS30
2019-01-18,3.09,DGS30
2019-01-22,3.06,DGS30
2019-01-23,3.07,DGS30
2019-01-24,3.04,DGS30
2019-01-25,3.06,DGS30
2019-01-28,3.06,DGS30
2019-01-29,3.04,DGS30
2019-01-30,3.06,DGS30
2019-01-31,2.99,DGS30
2019-02-01,3.03,DGS30
2019-02-04,3.06,DGS30
2019-02-05,3.03,DGS30
2019-02-06,3.03,DGS30
2019-02-07,3.0,DGS30
2019-02-08,2.97,DGS30
2019-02-11,3.0,DGS30
2019-02-12,3.02,DGS30
2019-02-13,3.04,DGS30
2019-02-14,3.01,DGS30
2019-02-15,3.0,DGS30
2019-02-19,2.99,DGS30
2019-02-20,3.0,DGS30
2019-02-21,3.05,DGS30
2019-02-22,3.02,DGS30
2019-02-25,3.03,DGS30
2019-02-26,3.01,DGS30
2019-02-27,3.07,DGS30
2019-02-28,3.09,DGS30
2019-03-01,3.13,DGS30
2019-03-04,3.09,DGS30
2019-03-05,3.08,DGS30
2019-03-06,3.06,DGS30
2019-03-07,3.03,DGS30
2019-03-08,3.0,DGS30
2019-03-11,3.03,DGS30
2019-03-12,3.0,DGS30
2019-03-13,3.02,DGS30
2019-03-14,3.04,DGS30
2019-03-15,3.02,DGS30
2019-03-18,3.01,DGS30
2019-03-19,3.02,DGS30
2019-03-20,2.98,DGS30
2019-03-21,2.96,DGS30
2019-03-22,2.88,DGS30
2019-03-25,2.87,DGS30
2019-03-26,2.86,DGS30
2019-03-27,2.83,DGS30
2019-03-28,2.81,DGS30
2019-03-29,2.81,DGS30
2019-04-01,2.89,DGS30
2019-04-02,2.88,DGS30
2019-04-03,2.93,DGS30
2019-04-04,2.92,DGS30
2019-04-05,2.91,DGS30
2019-04-08,2.93,DGS30
2019-04-09,2.92,DGS30
2019-04-10,2.9,DGS30
2019-04-11,2.94,DGS30
2019-04-12,2.97,DGS30
2019-04-15,2.96,DGS30
2019-04-16,2.99,DGS30
2019-04-17,2.99,DGS30
2019-04-18,2.96,DGS30
2019-04-22,2.99,DGS30
2019-04-23,2.98,DGS30
2019-04-24,2.94,DGS30
2019-04-25,2.94,DGS30
2019-04-26,2.92,DGS30
2019-04-29,2.96,DGS30
2019-04-30,2.93,DGS30
2019-05-01,2.92,DGS30
2019-05-02,2.94,DGS30
2019-05-03,2.93,DGS30
2019-05-06,2.91,DGS30
2019-05-07,2.86,DGS30
2019-05-08,2.89,DGS30
2019-05-09,2.87,DGS30
2019-05-10,2.89,DGS30
2019-05-13,2.83,DGS30
2019-05-14,2.86,DGS30
2019-05-15,2.82,DGS30
2019-05-16,2.84,DGS30
2019-05-17,2.82,DGS30
2019-05-20,2.83,DGS30
2019-05-21,2.84,DGS30
2019-05-22,2.82,DGS30
2019-05-23,2.75,DGS30
2019-05-24,2.75,DGS30
2019-05-28,2.7,DGS30
2019-05-29,2.69,DGS30
2019-05-30,2.65,DGS30
2019-05-31,2.58,DGS30
2019-06-03,2.53,DGS30
2019-06-04,2.6,DGS30
2019-06-05,2.63,DGS30
2019-06-06,2.62,DGS30
2019-06-07,2.57,DGS30
2019-06-10,2.62,DGS30
2019-06-11,2.62,DGS30
2019-06-12,2.62,DGS30
2019-06-13,2.61,DGS30
2019-06-14,2.59,DGS30
2019-06-17,2.58,DGS30
2019-06-18,2.55,DGS30
2019-06-19,2.54,DGS30
2019-06-20,2.53,DGS30
2019-06-21,2.59,DGS30
2019-06-24,2.55,DGS30
2019-06-25,2.53,DGS30
2019-06-26,2.57,DGS30
2019-06-27,2.52,DGS30
2019-06-28,2.52,DGS30
2019-07-01,2.55,DGS30
2019-07-02,2.51,DGS30
2019-07-03,2.47,DGS30
2019-07-05,2.54,DGS30
2019-07-08,2.53,DGS30
2019-07-09,2.54,DGS30
2019-07-10,2.57,DGS30
2019-07-11,2.65,DGS30
2019-07-12,2.64,DGS30
2019-07-15,2.61,DGS30
2019-07-16,2.63,DGS30
2019-07-17,2.57,DGS30
2019-07-18,2.56,DGS30
2019-07-19,2.57,DGS30
2019-07-22,2.58,DGS30
2019-07-23,2.61,DGS30
2019-07-24,2.58,DGS30
2019-07-25,2.6,DGS30
2019-07-26,2.59,DGS30
2019-07-29,2.59,DGS30
2019-07-30,2.58,DGS30
2019-07-31,2.53,DGS30
2019-08-01,2.44,DGS30
2019-08-02,2.39,DGS30
2019-08-05,2.3,DGS30
2019-08-06,2.25,DGS30
2019-08-07,2.22,DGS30
2019-08-08,2.25,DGS30
2019-08-09,2.26,DGS30
2019-08-12,2.14,DGS30
2019-08-13,2.15,DGS30
2019-08-14,2.03,DGS30
2019-08-15,1.98,DGS30
2019-08-16,2.01,DGS30
2019-08-19,2.08,DGS30
2019-08-20,2.04,DGS30
2019-08-21,2.07,DGS30
2019-08-22,2.11,DGS30
2019-08-23,2.02,DGS30
2019-08-26,2.04,DGS30
2019-08-27,1.97,DGS30
2019-08-28,1.94,DGS30
2019-08-29,1.97,DGS30
2019-08-30,1.96,DGS30
2019-09-03,1.95,DGS30
2019-09-04,1.97,DGS30
2019-09-05,2.06,DGS30
2019-09-06,2.02,DGS30
2019-09-09,2.11,DGS30
2019-09-10,2.19,DGS30
2019-09-11,2.22,DGS30
2019-09-12,2.22,DGS30
2019-09-13,2.37,DGS30
2019-09-16,2.31,DGS30
2019-09-17,2.27,DGS30
2019-09-18,2.25,DGS30
2019-09-19,2.22,DGS30
2019-09-20,2.17,DGS30
2019-09-23,2.16,DGS30
2019-09-24,2.09,DGS30
2019-09-25,2.18,DGS30
2019-09-26,2.15,DGS30
2019-09-27,2.13,DGS30
2019-09-30,2.12,DGS30
2019-10-01,2.11,DGS30
2019-10-02,2.09,DGS30
2019-10-03,2.04,DGS30
2019-10-04,2.01,DGS30
2019-10-07,2.05,DGS30
2019-10-08,2.04,DGS30
2019-10-09,2.08,DGS30
2019-10-10,2.16,DGS30
2019-10-11,2.22,DGS30
2019-10-15,2.23,DGS30
2019-10-16,2.23,DGS30
2019-10-17,2.24,DGS30
2019-10-18,2.25,DGS30
2019-10-21,2.28,DGS30
2019-10-22,2.26,DGS30
2019-10-23,2.25,DGS30
2019-10-24,2.26,DGS30
2019-10-25,2.29,DGS30
2019-10-28,2.34,DGS30
2019-10-29,2.33,DGS30
2019-10-30,2.26,DGS30
2019-10-31,2.17,DGS30
2019-11-01,2.21,DGS30
2019-11-04,2.27,DGS30
2019-11-05,2.34,DGS30
2019-11-06,2.3,DGS30
2019-11-07,2.4,DGS30
2019-11-08,2.43,DGS30
2019-11-12,2.39,DGS30
2019-11-13,2.36,DGS30
2019-11-14,2.31,DGS30
2019-11-15,2.31,DGS30
2019-11-18,2.3,DGS30
2019-11-19,2.26,DGS30
2019-11-20,2.2,DGS30
2019-11-21,2.24,DGS30
2019-11-22,2.22,DGS30
2019-11-25,2.21,DGS30
2019-11-26,2.18,DGS30
2019-11-27,2.19,DGS30
2019-11-29,2.21,DGS30
2019-12-02,2.28,DGS30
2019-12-03,2.17,DGS30
2019-12-04,2.22,DGS30
2019-12-05,2.24,DGS30
2019-12-06,2.29,DGS30
2019-12-09,2.27,DGS30
2019-12-10,2.26,DGS30
2019-12-11,2.23,DGS30
2019-12-12,2.32,DGS30
2019-12-13,2.26,DGS30
2019-12-16,2.3,DGS30
2019-12-17,2.31,DGS30
2019-12-18,2.35,DGS30
2019-12-19,2.35,DGS30
2019-12-20,2.34,DGS30
2019-12-23,2.35,DGS30
2019-12-24,2.33,DGS30
2019-12-26,2.33,DGS30
2019-12-27,2.32,DGS30
2019-12-30,2.34,DGS30
2019-12-31,2.39,DGS30
2020-01-02,2.33,DGS30
2020-01-03,2.26,DGS30
2020-01-06,2.28,DGS30
2020-01-07,2.31,DGS30
2020-01-08,2.35,DGS30
2020-01-09,2.38,DGS30
2020-01-10,2.28,DGS30
2020-01-13,2.3,DGS30
2020-01-14,2.27,DGS30
2020-01-15,2.23,DGS30
2020-01-16,2.26,DGS30
2020-01-17,2.29,DGS30
2020-01-21,2.23,DGS30
2020-01-22,2.22,DGS30
2020-01-23,2.18,DGS30
2020-01-24,2.14,DGS30
2020-01-27,2.05,DGS30
2020-01-28,2.1,DGS30
2020-01-29,2.05,DGS30
2020-01-30,2.04,DGS30
2020-01-31,1.99,DGS30
2020-02-03,2.01,DGS30
2020-02-04,2.08,DGS30
2020-02-05,2.14,DGS30
2020-02-06,2.11,DGS30
2020-02-07,2.05,DGS30
2020-02-10,2.03,DGS30
2020-02-11,2.05,DGS30
2020-02-12,2.09,DGS30
2020-02-13,2.07,DGS30
2020-02-14,2.04,DGS30
2020-02-18,2.0,DGS30
2020-02-19,2.01,DGS30
2020-02-20,1.97,DGS30
2020-02-21,1.9,DGS30
2020-02-24,1.84,DGS30
2020-02-25,1.8,DGS30
2020-02-26,1.81,DGS30
2020-02-27,1.79,DGS30
2020-02-28,1.65,DGS30
2020-03-02,1.66,DGS30
2020-03-03,1.64,DGS30
2020-03-04,1.67,DGS30
2020-03-05,1.56,DGS30
2020-03-06,1.25,DGS30
2020-03-09,0.99,DGS30
2020-03-10,1.28,DGS30
2020-03-11,1.3,DGS30
2020-03-12,1.49,DGS30
2020-03-13,1.56,DGS30
2020-03-16,1.34,DGS30
2020-03-17,1.63,DGS30
2020-03-18,1.77,DGS30
2020-03-19,1.78,DGS30
2020-03-20,1.55,DGS30
2020-03-23,1.33,DGS30
2020-03-24,1.39,DGS30
2020-03-25,1.45,DGS30
2020-03-26,1.42,DGS30
2020-03-27,1.29,DGS30
2020-03-30,1.31,DGS30
2020-03-31,1.35,DGS30
2020-04-01,1.27,DGS30
2020-04-02,1.26,DGS30
2020-04-03,1.24,DGS30
2020-04-06,1.27,DGS30
2020-04-07,1.32,DGS30
2020-04-08,1.37,DGS30
2020-04-09,1.35,DGS30
2020-04-13,1.39,DGS30
2020-04-14,1.41,DGS30
2020-04-15,1.27,DGS30
2020-04-16,1.21,DGS30
2020-04-17,1.27,DGS30
2020-04-20,1.23,DGS30
2020-04-21,1.17,DGS30
2020-04-22,1.22,DGS30
2020-04-23,1.18,DGS30
2020-04-24,1.17,DGS30
2020-04-27,1.25,DGS30
2020-04-28,1.2,DGS30
2020-04-29,1.24,DGS30
2020-04-30,1.28,DGS30
2020-05-01,1.27,DGS30
2020-05-04,1.29,DGS30
2020-05-05,1.32,DGS30
2020-05-06,1.41,DGS30
2020-05-07,1.31,DGS30
2020-05-08,1.39,DGS30
2020-05-11,1.43,DGS30
2020-05-12,1.38,DGS30
2020-05-13,1.35,DGS30
2020-05-14,1.3,DGS30
2020-05-15,1.32,DGS30
2020-05-18,1.44,DGS30
2020-05-19,1.43,DGS30
2020-05-20,1.4,DGS30
2020-05-21,1.4,DGS30
2020-05-22,1.37,DGS30
2020-05-26,1.43,DGS30
2020-05-27,1.44,DGS30
2020-05-28,1.47,DGS30
2020-05-29,1.41,DGS30
2020-06-01,1.46,DGS30
2020-06-02,1.48,DGS30
2020-06-03,1.56,DGS30
2020-06-04,1.61,DGS30
2020-06-05,1.68,DGS30
2020-06-08,1.65,DGS30
2020-06-09,1.59,DGS30
2020-06-10,1.53,DGS30
2020-06-11,1.41,DGS30
2020-06-12,1.45,DGS30
2020-06-15,1.45,DGS30
2020-06-16,1.54,DGS30
2020-06-17,1.52,DGS30
2020-06-18,1.47,DGS30
2020-06-19,1.47,DGS30
2020-06-22,1.46,DGS30
2020-06-23,1.49,DGS30
2020-06-24,1.44,DGS30
2020-06-25,1.43,DGS30
2020-06-26,1.37,DGS30
2020-06-29,1.39,DGS30
2020-06-30,1.41,DGS30
2020-07-01,1.43,DGS30
2020-07-02,1.43,DGS30
2020-07-06,1.45,DGS30
2020-07-07,1.38,DGS30
2020-07-08,1.39,DGS30
2020-07-09,1.32,DGS30
2020-07-10,1.33,DGS30
2020-07-13,1.33,DGS30
2020-07-14,1.3,DGS30
2020-07-15,1.33,DGS30
2020-07-16,1.31,DGS30
2020-07-17,1.33,DGS30
2020-07-20,1.32,DGS30
2020-07-21,1.31,DGS30
2020-07-22,1.29,DGS30
2020-07-23,1.24,DGS30
2020-07-24,1.23,DGS30
2020-07-27,1.25,DGS30
2020-07-28,1.22,DGS30
2020-07-29,1.24,DGS30
2020-07-30,1.2,DGS30
2020-07-31,1.2,DGS30
2020-08-03,1.23,DGS30
2020-08-04,1.19,DGS30
2020-08-05,1.22,DGS30
2020-08-06,1.2,DGS30
2020-08-07,1.23,DGS30
2020-08-10,1.25,DGS30
2020-08-11,1.32,DGS30
2020-08-12,1.37,DGS30
2020-08-13,1.42,DGS30
2020-08-14,1.45,DGS30
2020-08-17,1.43,DGS30
2020-08-18,1.4,DGS30
2020-08-19,1.42,DGS30
2020-08-20,1.38,DGS30
2020-08-21,1.35,DGS30
2020-08-24,1.35,DGS30
2020-08-25,1.39,DGS30
2020-08-26,1.41,DGS30
2020-08-27,1.5,DGS30
2020-08-28,1.52,DGS30
2020-08-31,1.49,DGS30
2020-09-01,1.43,DGS30
2020-09-02,1.38,DGS30
2020-09-03,1.34,DGS30
2020-09-04,1.46,DGS30
2020-09-08,1.43,DGS30
2020-09-09,1.45,DGS30
2020-09-10,1.43,DGS30
2020-09-11,1.42,DGS30
2020-09-14,1.42,DGS30
2020-09-15,1.43,DGS30
2020-09-16,1.45,DGS30
2020-09-17,1.43,DGS30
2020-09-18,1.45,DGS30
2020-09-21,1.43,DGS30
2020-09-22,1.42,DGS30
2020-09-23,1.42,DGS30
2020-09-24,1.4,DGS30
2020-09-25,1.4,DGS30
2020-09-28,1.42,DGS30
2020-09-29,1.41,DGS30
2020-09-30,1.46,DGS30
2020-10-01,1.45,DGS30
2020-10-02,1.48,DGS30
2020-10-05,1.57,DGS30
2020-10-06,1.56,DGS30
2020-10-07,1.6,DGS30
2020-10-08,1.57,DGS30
2020-10-09,1.58,DGS30
2020-10-13,1.52,DGS30
2020-10-14,1.5,DGS30
2020-10-15,1.52,DGS30
2020-10-16,1.52,DGS30
2020-10-19,1.55,DGS30
2020-10-20,1.6,DGS30
2020-10-21,1.62,DGS30
2020-10-22,1.67,DGS30
2020-10-23,1.64,DGS30
2020-10-26,1.59,DGS30
2020-10-27,1.57,DGS30
2020-10-28,1.56,DGS30
2020-10-29,1.62,DGS30
2020-10-30,1.65,DGS30
2020-11-02,1.63,DGS30
2020-11-03,1.66,DGS30
2020-11-04,1.55,DGS30
2020-11-05,1.54,DGS30
2020-11-06,1.6,DGS30
2020-11-09,1.73,DGS30
2020-11-10,1.75,DGS30
2020-11-12,1.64,DGS30
2020-11-13,1.65,DGS30
2020-11-16,1.66,DGS30
2020-11-17,1.62,DGS30
2020-11-18,1.62,DGS30
2020-11-19,1.58,DGS30
2020-11-20,1.53,DGS30
2020-11-23,1.56,DGS30
2020-11-24,1.6,DGS30
2020-11-25,1.62,DGS30
2020-11-27,1.57,DGS30
2020-11-30,1.58,DGS30
2020-12-01,1.66,DGS30
2020-12-02,1.7,DGS30
2020-12-03,1.67,DGS30
2020-12-04,1.73,DGS30
2020-12-07,1.69,DGS30
2020-12-08,1.67,DGS30
2020-12-09,1.69,DGS30
2020-12-10,1.65,DGS30
2020-12-11,1.63,DGS30
2020-12-14,1.63,DGS30
2020-12-15,1.65,DGS30
2020-12-16,1.66,DGS30
2020-12-17,1.68,DGS30
2020-12-18,1.7,DGS30
2020-12-21,1.68,DGS30
2020-12-22,1.65,DGS30
2020-12-23,1.7,DGS30
2020-12-24,1.66,DGS30
2020-12-28,1.67,DGS30
2020-12-29,1.67,DGS30
2020-12-30,1.66,DGS30
2020-12-31,1.65,DGS30
2021-01-04,1.66,DGS30
2021-01-05,1.7,DGS30
2021-01-06,1.81,DGS30
2021-01-07,1.85,DGS30
2021-01-08,1.87,DGS30
2021-01-11,1.88,DGS30
2021-01-12,1.88,DGS30
2021-01-13,1.82,DGS30
2021-01-14,1.88,DGS30
2021-01-15,1.85,DGS30
2021-01-19,1.84,DGS30
2021-01-20,1.84,DGS30
2021-01-21,1.87,DGS30
2021-01-22,1.85,DGS30
2021-01-25,1.8,DGS30
2021-01-26,1.8,DGS30
2021-01-27,1.79,DGS30
2021-01-28,1.81,DGS30
2021-01-29,1.87,DGS30
2021-02-01,1.84,DGS30
2021-02-02,1.87,DGS30
2021-02-03,1.92,DGS30
2021-02-04,1.93,DGS30
2021-02-05,1.97,DGS30
2021-02-08,1.96,DGS30
2021-02-09,1.95,DGS30
2021-02-10,1.92,DGS30
2021-02-11,1.94,DGS30
2021-02-12,2.01,DGS30
2021-02-16,2.08,DGS30
2021-02-17,2.06,DGS30
2021-02-18,2.08,DGS30
2021-02-19,2.14,DGS30
2021-02-22,2.19,DGS30
2021-02-23,2.21,DGS30
2021-02-24,2.24,DGS30
2021-02-25,2.33,DGS30
2021-02-26,2.17,DGS30
2021-03-01,2.23,DGS30
2021-03-02,2.21,DGS30
2021-03-03,2.25,DGS30
2021-03-04,2.3,DGS30
2021-03-05,2.28,DGS30
2021-03-08,2.31,DGS30
2021-03-09,2.26,DGS30
2021-03-10,2.24,DGS30
2021-03-11,2.29,DGS30
2021-03-12,2.4,DGS30
2021-03-15,2.37,DGS30
2021-03-16,2.38,DGS30
2021-03-17,2.42,DGS30
2021-03-18,2.45,DGS30
2021-03-19,2.45,DGS30
2021-03-22,2.38,DGS30
2021-03-23,2.34,DGS30
2021-03-24,2.31,DGS30
2021-03-25,2.34,DGS30
2021-03-26,2.37,DGS30
2021-03-29,2.43,DGS30
2021-03-30,2.38,DGS30
2021-03-31,2.41,DGS30
2021-04-01,2.34,DGS30
2021-04-02,2.35,DGS30
2021-04-05,2.36,DGS30
2021-04-06,2.32,DGS30
2021-04-07,2.35,DGS30
2021-04-08,2.32,DGS30
2021-04-09,2.34,DGS30
2021-04-12,2.34,DGS30
2021-04-13,2.32,DGS30
2021-04-14,2.32,DGS30
2021-04-15,2.23,DGS30
2021-04-16,2.26,DGS30
2021-04-19,2.29,DGS30
2021-04-20,2.27,DGS30
2021-04-21,2.26,DGS30
2021-04-22,2.24,DGS30
2021-04-23,2.25,DGS30
2021-04-26,2.24,DGS30
2021-04-27,2.29,DGS30
2021-04-28,2.29,DGS30
2021-04-29,2.31,DGS30
2021-04-30,2.3,DGS30
2021-05-03,2.3,DGS30
2021-05-04,2.27,DGS30
2021-05-05,2.25,DGS30
2021-05-06,2.24,DGS30
2021-05-07,2.28,DGS30
2021-05-10,2.32,DGS30
2021-05-11,2.35,DGS30
2021-05-12,2.4,DGS30
2021-05-13,2.39,DGS30
2021-05-14,2.35,DGS30
2021-05-17,2.36,DGS30
2021-05-18,2.37,DGS30
2021-05-19,2.38,DGS30
2021-05-20,2.34,DGS30
2021-05-21,2.33,DGS30
2021-05-24,2.31,DGS30
2021-05-25,2.26,DGS30
2021-05-26,2.27,DGS30
2021-05-27,2.29,DGS30
2021-05-28,2.26,DGS30
2021-06-01,2.3,DGS30
2021-06-02,2.28,DGS30
2021-06-03,2.3,DGS30
2021-06-04,2.24,DGS30
2021-06-07,2.25,DGS30
2021-06-08,2.21,DGS30
2021-06-09,2.17,DGS30
2021-06-10,2.15,DGS30
2021-06-11,2.15,DGS30
2021-06-14,2.19,DGS30
2021-06-15,2.2,DGS30
2021-06-16,2.2,DGS30
2021-06-17,2.11,DGS30
2021-06-18,2.01,DGS30
2021-06-21,2.11,DGS30
2021-06-22,2.1,DGS30
2021-06-23,2.11,DGS30
2021-06-24,2.1,DGS30
2021-06-25,2.16,DGS30
2021-06-28,2.1,DGS30
2021-06-29,2.1,DGS30
2021-06-30,2.06,DGS30
2021-07-01,2.07,DGS30
2021-07-02,2.05,DGS30
2021-07-06,2.0,DGS30
2021-07-07,1.94,DGS30
2021-07-08,1.91,DGS30
2021-07-09,1.99,DGS30
2021-07-12,2.0,DGS30
2021-07-13,2.04,DGS30
2021-07-14,1.98,DGS30
2021-07-15,1.92,DGS30
2021-07-16,1.93,DGS30
2021-07-19,1.81,DGS30
2021-07-20,1.88,DGS30
2021-07-21,1.94,DGS30
2021-07-22,1.9,DGS30
2021-07-23,1.92,DGS30
2021-07-26,1.93,DGS30
2021-07-27,1.89,DGS30
2021-07-28,1.9,DGS30
2021-07-29,1.91,DGS30
2021-07-30,1.89,DGS30
2021-08-02,1.86,DGS30
2021-08-03,1.85,DGS30
2021-08-04,1.83,DGS30
2021-08-05,1.86,DGS30
2021-08-06,1.94,DGS30
2021-08-09,1.96,DGS30
2021-08-10,1.99,DGS30
2021-08-11,1.99,DGS30
2021-08-12,2.03,DGS30
2021-08-13,1.94,DGS30
2021-08-16,1.92,DGS30
2021-08-17,1.92,DGS30
2021-08-18,1.91,DGS30
2021-08-19,1.88,DGS30
2021-08-20,1.87,DGS30
2021-08-23,1.87,DGS30
2021-08-24,1.91,DGS30
2021-08-25,1.96,DGS30
2021-08-26,1.94,DGS30
2021-08-27,1.91,DGS30
2021-08-30,1.9,DGS30
2021-08-31,1.92,DGS30
2021-09-01,1.92,DGS30
2021-09-02,1.9,DGS30
2021-09-03,1.94,DGS30
2021-09-07,1.99,DGS30
2021-09-08,1.95,DGS30
2021-09-09,1.9,DGS30
2021-09-10,1.94,DGS30
2021-09-13,1.91,DGS30
2021-09-14,1.85,DGS30
2021-09-15,1.87,DGS30
2021-09-16,1.88,DGS30
2021-09-17,1.91,DGS30
2021-09-20,1.85,DGS30
2021-09-21,1.86,DGS30
2021-09-22,1.84,DGS30
2021-09-23,1.92,DGS30
2021-09-24,1.99,DGS30
2021-09-27,1.99,DGS30
2021-09-28,2.07,DGS30
2021-09-29,2.09,DGS30
2021-09-30,2.08,DGS30
2021-10-01,2.04,DGS30
2021-10-04,2.05,DGS30
2021-10-05,2.1,DGS30
2021-10-06,2.08,DGS30
2021-10-07,2.13,DGS30
2021-10-08,2.16,DGS30
2021-10-12,2.1,DGS30
2021-10-13,2.05,DGS30
2021-10-14,2.02,DGS30
2021-10-15,2.05,DGS30
2021-10-18,2.01,DGS30
2021-10-19,2.09,DGS30
2021-10-20,2.12,DGS30
2021-10-21,2.13,DGS30
2021-10-22,2.08,DGS30
2021-10-25,2.09,DGS30
2021-10-26,2.05,DGS30
2021-10-27,1.95,DGS30
2021-10-28,1.96,DGS30
2021-10-29,1.93,DGS30
2021-11-01,1.98,DGS30
2021-11-02,1.96,DGS30
2021-11-03,2.0,DGS30
2021-11-04,1.96,DGS30
2021-11-05,1.87,DGS30
2021-11-08,1.89,DGS30
2021-11-09,1.83,DGS30
2021-11-10,1.92,DGS30
2021-11-12,1.95,DGS30
2021-11-15,2.01,DGS30
2021-11-16,2.02,DGS30
2021-11-17,2.0,DGS30
2021-11-18,1.97,DGS30
2021-11-19,1.91,DGS30
2021-11-22,1.98,DGS30
2021-11-23,2.02,DGS30
2021-11-24,1.96,DGS30
2021-11-26,1.83,DGS30
2021-11-29,1.87,DGS30
2021-11-30,1.78,DGS30
2021-12-01,1.77,DGS30
2021-12-02,1.76,DGS30
2021-12-03,1.69,DGS30
2021-12-06,1.75,DGS30
2021-12-07,1.8,DGS30
2021-12-08,1.87,DGS30
2021-12-09,1.87,DGS30
2021-12-10,1.88,DGS30
2021-12-13,1.81,DGS30
2021-12-14,1.82,DGS30
2021-12-15,1.86,DGS30
2021-12-16,1.87,DGS30
2021-12-17,1.82,DGS30
2021-12-20,1.85,DGS30
2021-12-21,1.89,DGS30
2021-12-22,1.86,DGS30
2021-12-23,1.91,DGS30
2021-12-27,1.88,DGS30
2021-12-28,1.9,DGS30
2021-12-29,1.96,DGS30
2021-12-30,1.93,DGS30
2021-12-31,1.9,DGS30
2022-01-03,2.01,DGS30
2022-01-04,2.07,DGS30
2022-01-05,2.09,DGS30
2022-01-06,2.09,DGS30
2022-01-07,2.11,DGS30
2022-01-10,2.11,DGS30
2022-01-11,2.08,DGS30
2022-01-12,2.08,DGS30
2022-01-13,2.05,DGS30
2022-01-14,2.12,DGS30
2022-01-18,2.18,DGS30
2022-01-19,2.14,DGS30
2022-01-20,2.14,DGS30
2022-01-21,2.07,DGS30
2022-01-24,2.1,DGS30
2022-01-25,2.12,DGS30
2022-01-26,2.16,DGS30
2022-01-27,2.09,DGS30
2022-01-28,2.07,DGS30
2022-01-31,2.11,DGS30
2022-02-01,2.12,DGS30
2022-02-02,2.11,DGS30
2022-02-03,2.14,DGS30
2022-02-04,2.23,DGS30
2022-02-07,2.22,DGS30
2022-02-08,2.25,DGS30
2022-02-09,2.25,DGS30
2022-02-10,2.3,DGS30
2022-02-11,2.24,DGS30
2022-02-14,2.29,DGS30
2022-02-15,2.37,DGS30
2022-02-16,2.34,DGS30
2022-02-17,2.31,DGS30
2022-02-18,2.24,DGS30
2022-02-22,2.24,DGS30
2022-02-23,2.29,DGS30
2022-02-24,2.28,DGS30
2022-02-25,2.29,DGS30
2022-02-28,2.17,DGS30
2022-03-01,2.11,DGS30
2022-03-02,2.24,DGS30
2022-03-03,2.24,DGS30
2022-03-04,2.16,DGS30
2022-03-07,2.19,DGS30
2022-03-08,2.24,DGS30
2022-03-09,2.29,DGS30
2022-03-10,2.38,DGS30
2022-03-11,2.36,DGS30
2022-03-14,2.47,DGS30
2022-03-15,2.49,DGS30
2022-03-16,2.46,DGS30
2022-03-17,2.5,DGS30
2022-03-18,2.42,DGS30
2022-03-21,2.55,DGS30
2022-03-22,2.6,DGS30
2022-03-23,2.52,DGS30
2022-03-24,2.51,DGS30
2022-03-25,2.6,DGS30
2022-03-28,2.57,DGS30
2022-03-29,2.53,DGS30
2022-03-30,2.48,DGS30
2022-03-31,2.44,DGS30
2022-04-01,2.44,DGS30
2022-04-04,2.48,DGS30
2022-04-05,2.57,DGS30
2022-04-06,2.63,DGS30
2022-04-07,2.69,DGS30
2022-04-08,2.76,DGS30
2022-04-11,2.84,DGS30
2022-04-12,2.82,DGS30
2022-04-13,2.81,DGS30
2022-04-14,2.92,DGS30
2022-04-18,2.95,DGS30
2022-04-19,3.01,DGS30
2022-04-20,2.9,DGS30
2022-04-21,2.94,DGS30
2022-04-22,2.95,DGS30
2022-04-25,2.88,DGS30
2022-04-26,2.86,DGS30
2022-04-27,2.91,DGS30
2022-04-28,2.92,DGS30
2022-04-29,2.96,DGS30
2022-05-02,3.07,DGS30
2022-05-03,3.03,DGS30
2022-05-04,3.01,DGS30
2022-05-05,3.15,DGS30
2022-05-06,3.23,DGS30
2022-05-09,3.19,DGS30
2022-05-10,3.12,DGS30
2022-05-11,3.05,DGS30
2022-05-12,3.0,DGS30
2022-05-13,3.1,DGS30
2022-05-16,3.09,DGS30
2022-05-17,3.17,DGS30
2022-05-18,3.07,DGS30
2022-05-19,3.05,DGS30
2022-05-20,2.99,DGS30
2022-05-23,3.08,DGS30
2022-05-24,2.98,DGS30
2022-05-25,2.97,DGS30
2022-05-26,2.99,DGS30
2022-05-27,2.97,DGS30
2022-05-31,3.07,DGS30
2022-06-01,3.09,DGS30
2022-06-02,3.09,DGS30
2022-06-03,3.11,DGS30
2022-06-06,3.19,DGS30
2022-06-07,3.13,DGS30
2022-06-08,3.18,DGS30
2022-06-09,3.18,DGS30
2022-06-10,3.2,DGS30
2022-06-13,3.42,DGS30
2022-06-14,3.45,DGS30
2022-06-15,3.39,DGS30
2022-06-16,3.35,DGS30
2022-06-17,3.3,DGS30
2022-06-21,3.39,DGS30
2022-06-22,3.25,DGS30
2022-06-23,3.21,DGS30
2022-06-24,3.26,DGS30
2022-06-27,3.31,DGS30
2022-06-28,3.3,DGS30
2022-06-29,3.22,DGS30
2022-06-30,3.14,DGS30
2022-07-01,3.11,DGS30
2022-07-05,3.05,DGS30
2022-07-06,3.14,DGS30
2022-07-07,3.2,DGS30
2022-07-08,3.27,DGS30
2022-07-11,3.18,DGS30
2022-07-12,3.13,DGS30
2022-07-13,3.08,DGS30
2022-07-14,3.11,DGS30
2022-07-15,3.1,DGS30
2022-07-18,3.14,DGS30
2022-07-19,3.17,DGS30
2022-07-20,3.17,DGS30
2022-07-21,3.08,DGS30
2022-07-22,3.0,DGS30
2022-07-25,3.04,DGS30
2022-07-26,3.03,DGS30
2022-07-27,3.03,DGS30
2022-07-28,3.02,DGS30
2022-07-29,3.0,DGS30
2022-08-01,2.92,DGS30
2022-08-02,3.0,DGS30
2022-08-03,2.96,DGS30
2022-08-04,2.97,DGS30
2022-08-05,3.06,DGS30
2022-08-08,3.0,DGS30
2022-08-09,3.01,DGS30
2022-08-10,3.04,DGS30
2022-08-11,3.15,DGS30
2022-08-12,3.12,DGS30
2022-08-15,3.1,DGS30
2022-08-16,3.11,DGS30
2022-08-17,3.15,DGS30
2022-08-18,3.14,DGS30
2022-08-19,3.22,DGS30
2022-08-22,3.24,DGS30
2022-08-23,3.26,DGS30
2022-08-24,3.32,DGS30
2022-08-25,3.25,DGS30
2022-08-26,3.21,DGS30
2022-08-29,3.25,DGS30
2022-08-30,3.23,DGS30
2022-08-31,3.27,DGS30
2022-09-01,3.37,DGS30
2022-09-02,3.35,DGS30
2022-09-06,3.49,DGS30
2022-09-07,3.42,DGS30
2022-09-08,3.45,DGS30
2022-09-09,3.47,DGS30
2022-09-12,3.53,DGS30
2022-09-13,3.51,DGS30
2022-09-14,3.47,DGS30
2022-09-15,3.48,DGS30
2022-09-16,3.52,DGS30
2022-09-19,3.52,DGS30
2022-09-20,3.59,DGS30
2022-09-21,3.5,DGS30
2022-09-22,3.65,DGS30
2022-09-23,3.61,DGS30
2022-09-26,3.72,DGS30
2022-09-27,3.87,DGS30
2022-09-28,3.7,DGS30
2022-09-29,3.71,DGS30
2022-09-30,3.79,DGS30
2022-10-03,3.73,DGS30
2022-10-04,3.7,DGS30
2022-10-05,3.78,DGS30
2022-10-06,3.81,DGS30
2022-10-07,3.86,DGS30
2022-10-11,3.92,DGS30
2022-10-12,3.9,DGS30
2022-10-13,3.97,DGS30
2022-10-14,3.99,DGS30
2022-10-17,4.04,DGS30
2022-10-18,4.04,DGS30
2022-10-19,4.15,DGS30
2022-10-20,4.24,DGS30
2022-10-21,4.33,DGS30
2022-10-24,4.4,DGS30
2022-10-25,4.26,DGS30
2022-10-26,4.19,DGS30
2022-10-27,4.12,DGS30
2022-10-28,4.15,DGS30
2022-10-31,4.22,DGS30
2022-11-01,4.14,DGS30
2022-11-02,4.15,DGS30
2022-11-03,4.18,DGS30
2022-11-04,4.27,DGS30
2022-11-07,4.34,DGS30
2022-11-08,4.28,DGS30
2022-11-09,4.31,DGS30
2022-11-10,4.03,DGS30
2022-11-14,4.07,DGS30
2022-11-15,3.98,DGS30
2022-11-16,3.85,DGS30
2022-11-17,3.89,DGS30
2022-11-18,3.92,DGS30
2022-11-21,3.91,DGS30
2022-11-22,3.83,DGS30
2022-11-23,3.74,DGS30
2022-11-25,3.74,DGS30
2022-11-28,3.74,DGS30
2022-11-29,3.81,DGS30
2022-11-30,3.8,DGS30
2022-12-01,3.64,DGS30
2022-12-02,3.56,DGS30
2022-12-05,3.62,DGS30
2022-12-06,3.52,DGS30
2022-12-07,3.42,DGS30
2022-12-08,3.44,DGS30
2022-12-09,3.56,DGS30
2022-12-12,3.57,DGS30
2022-12-13,3.53,DGS30
2022-12-14,3.52,DGS30
2022-12-15,3.48,DGS30
2022-12-16,3.53,DGS30
2022-12-19,3.62,DGS30
2022-12-20,3.74,DGS30
2022-12-21,3.74,DGS30
2022-12-22,3.73,DGS30
2022-12-23,3.82,DGS30
2022-12-27,3.93,DGS30
2022-12-28,3.98,DGS30
2022-12-29,3.92,DGS30
2022-12-30,3.97,DGS30
2023-01-03,3.88,DGS30
2023-01-04,3.81,DGS30
2023-01-05,3.78,DGS30
2023-01-06,3.67,DGS30
2023-01-09,3.66,DGS30
2023-01-10,3.74,DGS30
2023-01-11,3.67,DGS30
2023-01-12,3.56,DGS30
2023-01-13,3.61,DGS30
2023-01-17,3.64,DGS30
2023-01-18,3.54,DGS30
2023-01-19,3.57,DGS30
2023-01-20,3.66,DGS30
2023-01-23,3.69,DGS30
2023-01-24,3.62,DGS30
2023-01-25,3.62,DGS30
2023-01-26,3.62,DGS30
2023-01-27,3.64,DGS30
2023-01-30,3.66,DGS30
2023-01-31,3.65,DGS30
2023-02-01,3.55,DGS30
2023-02-02,3.55,DGS30
2023-02-03,3.63,DGS30
2023-02-06,3.67,DGS30
2023-02-07,3.72,DGS30
2023-02-08,3.7,DGS30
2023-02-09,3.75,DGS30
2023-02-10,3.83,DGS30
2023-02-13,3.79,DGS30
2023-02-14,3.81,DGS30
2023-02-15,3.85,DGS30
2023-02-16,3.92,DGS30
2023-02-17,3.88,DGS30
2023-02-21,3.98,DGS30
2023-02-22,3.94,DGS30
2023-02-23,3.88,DGS30
2023-02-24,3.93,DGS30
2023-02-27,3.93,DGS30
2023-02-28,3.93,DGS30
2023-03-01,3.97,DGS30
2023-03-02,4.03,DGS30
2023-03-03,3.9,DGS30
2023-03-06,3.92,DGS30
2023-03-07,3.88,DGS30
2023-03-08,3.88,DGS30
2023-03-09,3.88,DGS30
2023-03-10,3.7,DGS30
2023-03-13,3.7,DGS30
2023-03-14,3.77,DGS30
2023-03-15,3.7,DGS30
2023-03-16,3.71,DGS30
2023-03-17,3.6,DGS30
2023-03-20,3.65,DGS30
2023-03-21,3.73,DGS30
2023-03-22,3.68,DGS30
2023-03-23,3.66,DGS30
2023-03-24,3.64,DGS30
2023-03-27,3.77,DGS30
2023-03-28,3.77,DGS30
2023-03-29,3.78,DGS30
2023-03-30,3.74,DGS30
2023-03-31,3.67,DGS30
2023-04-03,3.64,DGS30
2023-04-04,3.6,DGS30
2023-04-05,3.56,DGS30
2023-04-06,3.54,DGS30
2023-04-07,3.61,DGS30
2023-04-10,3.62,DGS30
2023-04-11,3.62,DGS30
2023-04-12,3.64,DGS30
2023-04-13,3.69,DGS30
2023-04-14,3.74,DGS30
2023-04-17,3.81,DGS30
2023-04-18,3.79,DGS30
2023-04-19,3.79,DGS30
2023-04-20,3.75,DGS30
2023-04-21,3.78,DGS30
2023-04-24,3.73,DGS30
2023-04-25,3.65,DGS30
2023-04-26,3.7,DGS30
2023-04-27,3.76,DGS30
2023-04-28,3.67,DGS30
2023-05-01,3.84,DGS30
2023-05-02,3.72,DGS30
2023-05-03,3.7,DGS30
2023-05-04,3.73,DGS30
2023-05-05,3.76,DGS30
2023-05-08,3.84,DGS30
2023-05-09,3.85,DGS30
2023-05-10,3.8,DGS30
2023-05-11,3.73,DGS30
2023-05-12,3.78,DGS30
2023-05-15,3.84,DGS30
2023-05-16,3.87,DGS30
2023-05-17,3.88,DGS30
2023-05-18,3.91,DGS30
2023-05-19,3.95,DGS30
2023-05-22,3.97,DGS30
2023-05-23,3.96,DGS30
2023-05-24,3.97,DGS30
2023-05-25,4.01,DGS30
2023-05-26,3.96,DGS30
2023-05-30,3.9,DGS30
2023-05-31,3.85,DGS30
2023-06-01,3.84,DGS30
2023-06-02,3.88,DGS30
2023-06-05,3.89,DGS30
2023-06-06,3.87,DGS30
2023-06-07,3.95,DGS30
2023-06-08,3.89,DGS30
2023-06-09,3.89,DGS30
2023-06-12,3.87,DGS30
2023-06-13,3.94,DGS30
2023-06-14,3.9,DGS30
2023-06-15,3.85,DGS30
2023-06-16,3.86,DGS30
2023-06-20,3.83,DGS30
2023-06-21,3.81,DGS30
2023-06-22,3.88,DGS30
2023-06-23,3.82,DGS30
2023-06-26,3.83,DGS30
2023-06-27,3.84,DGS30
2023-06-28,3.81,DGS30
2023-06-29,3.92,DGS30
2023-06-30,3.85,DGS30
2023-07-03,3.87,DGS30
2023-07-05,3.95,DGS30
2023-07-06,4.01,DGS30
2023-07-07,4.05,DGS30
2023-07-10,4.05,DGS30
2023-07-11,4.03,DGS30
2023-07-12,3.96,DGS30
2023-07-13,3.9,DGS30
2023-07-14,3.93,DGS30
2023-07-17,3.94,DGS30
2023-07-18,3.91,DGS30
2023-07-19,3.84,DGS30
2023-07-20,3.91,DGS30
2023-07-21,3.91,DGS30
2023-07-24,3.92,DGS30
2023-07-25,3.95,DGS30
2023-07-26,3.94,DGS30
2023-07-27,4.06,DGS30
2023-07-28,4.03,DGS30
2023-07-31,4.02,DGS30
2023-08-01,4.11,DGS30
2023-08-02,4.17,DGS30
2023-08-03,4.32,DGS30
2023-08-04,4.21,DGS30
2023-08-07,4.27,DGS30
2023-08-08,4.2,DGS30
2023-08-09,4.18,DGS30
2023-08-10,4.24,DGS30
2023-08-11,4.27,DGS30
2023-08-14,4.29,DGS30
2023-08-15,4.32,DGS30
2023-08-16,4.38,DGS30
2023-08-17,4.41,DGS30
2023-08-18,4.38,DGS30
2023-08-21,4.45,DGS30
2023-08-22,4.42,DGS30
2023-08-23,4.27,DGS30
2023-08-24,4.3,DGS30
2023-08-25,4.3,DGS30
2023-08-28,4.29,DGS30
2023-08-29,4.23,DGS30
2023-08-30,4.23,DGS30
2023-08-31,4.2,DGS30
2023-09-01,4.29,DGS30
2023-09-05,4.38,DGS30
2023-09-06,4.37,DGS30
2023-09-07,4.36,DGS30
2023-09-08,4.33,DGS30
2023-09-11,4.37,DGS30
2023-09-12,4.35,DGS30
2023-09-13,4.34,DGS30
2023-09-14,4.39,DGS30
2023-09-15,4.42,DGS30
2023-09-18,4.4,DGS30
2023-09-19,4.43,DGS30
2023-09-20,4.4,DGS30
2023-09-21,4.56,DGS30
2023-09-22,4.53,DGS30
2023-09-25,4.67,DGS30
2023-09-26,4.7,DGS30
2023-09-27,4.73,DGS30
2023-09-28,4.71,DGS30
2023-09-29,4.73,DGS30
2023-10-02,4.81,DGS30
2023-10-03,4.95,DGS30
2023-10-04,4.87,DGS30
2023-10-05,4.89,DGS30
2023-10-06,4.95,DGS30
2023-10-10,4.85,DGS30
2023-10-11,4.73,DGS30
2023-10-12,4.86,DGS30
2023-10-13,4.78,DGS30
2023-10-16,4.87,DGS30
2023-10-17,4.94,DGS30
2023-10-18,5.0,DGS30
2023-10-19,5.11,DGS30
2023-10-20,5.09,DGS30
2023-10-23,5.01,DGS30
2023-10-24,4.96,DGS30
2023-10-25,5.09,DGS30
2023-10-26,5.01,DGS30
2023-10-27,5.03,DGS30
2023-10-30,5.04,DGS30
2023-10-31,5.04,DGS30
2023-11-01,4.96,DGS30
2023-11-02,4.82,DGS30
2023-11-03,4.77,DGS30
2023-11-06,4.84,DGS30
2023-11-07,4.75,DGS30
2023-11-08,4.64,DGS30
2023-11-09,4.77,DGS30
2023-11-10,4.73,DGS30
2023-11-13,4.75,DGS30
2023-11-14,4.61,DGS30
2023-11-15,4.68,DGS30
2023-11-16,4.63,DGS30
2023-11-17,4.59,DGS30
2023-11-20,4.57,DGS30
2023-11-21,4.57,DGS30
2023-11-22,4.55,DGS30
2023-11-24,4.6,DGS30
2023-11-27,4.53,DGS30
2023-11-28,4.52,DGS30
2023-11-29,4.44,DGS30
2023-11-30,4.54,DGS30
2023-12-01,4.4,DGS30
2023-12-04,4.43,DGS30
2023-12-05,4.3,DGS30
2023-12-06,4.22,DGS30
2023-12-07,4.25,DGS30
2023-12-08,4.31,DGS30
2023-12-11,4.32,DGS30
2023-12-12,4.3,DGS30
2023-12-13,4.19,DGS30
2023-12-14,4.03,DGS30
2023-12-15,4.0,DGS30
2023-12-18,4.05,DGS30
2023-12-19,4.03,DGS30
2023-12-20,3.98,DGS30
2023-12-21,4.03,DGS30
2023-12-22,4.05,DGS30
2023-12-26,4.04,DGS30
2023-12-27,3.95,DGS30
2023-12-28,3.98,DGS30
2023-12-29,4.03,DGS30
2024-01-02,4.08,DGS30
2024-01-03,4.05,DGS30
2024-01-04,4.13,DGS30
2024-01-05,4.21,DGS30
2024-01-08,4.17,DGS30
2024-01-09,4.18,DGS30
2024-01-10,4.2,DGS30
2024-01-11,4.18,DGS30
2024-01-12,4.2,DGS30
2024-01-16,4.3,DGS30
2024-01-17,4.31,DGS30
2024-01-18,4.37,DGS30
2024-01-19,4.36,DGS30
2024-01-22,4.32,DGS30
2024-01-23,4.38,DGS30
2024-01-24,4.41,DGS30
2024-01-25,4.38,DGS30
2024-01-26,4.38,DGS30
2024-01-29,4.31,DGS30
2024-01-30,4.28,DGS30
2024-01-31,4.22,DGS30
2024-02-01,4.1,DGS30
2024-02-02,4.22,DGS30
2024-02-05,4.35,DGS30
2024-02-06,4.29,DGS30
2024-02-07,4.31,DGS30
2024-02-08,4.36,DGS30
2024-02-09,4.37,DGS30
2024-02-12,4.37,DGS30
2024-02-13,4.46,DGS30
2024-02-14,4.45,DGS30
2024-02-15,4.42,DGS30
2024-02-16,4.45,DGS30
2024-02-20,4.44,DGS30
2024-02-21,4.49,DGS30
2024-02-22,4.47,DGS30
2024-02-23,4.37,DGS30
2024-02-26,4.4,DGS30
2024-02-27,4.44,DGS30
2024-02-28,4.4,DGS30
2024-02-29,4.38,DGS30
2024-03-01,4.33,DGS30
2024-03-04,4.36,DGS30
2024-03-05,4.27,DGS30
2024-03-06,4.24,DGS30
2024-03-07,4.25,DGS30
2024-03-08,4.26,DGS30
2024-03-11,4.26,DGS30
2024-03-12,4.31,DGS30
2024-03-13,4.35,DGS30
2024-03-14,4.44,DGS30
2024-03-15,4.43,DGS30
2024-03-18,4.46,DGS30
2024-03-19,4.44,DGS30
2024-03-20,4.45,DGS30
2024-03-21,4.44,DGS30
2024-03-22,4.39,DGS30
2024-03-25,4.42,DGS30
2024-03-26,4.4,DGS30
2024-03-27,4.36,DGS30
2024-03-28,4.34,DGS30
2024-04-01,4.47,DGS30
2024-04-02,4.51,DGS30
2024-04-03,4.51,DGS30
2024-04-04,4.47,DGS30
2024-04-05,4.54,DGS30
2024-04-08,4.55,DGS30
2024-04-09,4.5,DGS30
2024-04-10,4.64,DGS30
2024-04-11,4.65,DGS30
2024-04-12,4.61,DGS30
2024-04-15,4.74,DGS30
2024-04-16,4.77,DGS30
2024-04-17,4.71,DGS30
2024-04-18,4.74,DGS30
2024-04-19,4.72,DGS30
2024-04-22,4.72,DGS30
2024-04-23,4.73,DGS30
2024-04-24,4.78,DGS30
2024-04-25,4.82,DGS30
2024-04-26,4.78,DGS30
2024-04-29,4.75,DGS30
2024-04-30,4.79,DGS30
2024-05-01,4.74,DGS30
2024-05-02,4.72,DGS30
2024-05-03,4.66,DGS30
2024-05-06,4.64,DGS30
2024-05-07,4.61,DGS30
2024-05-08,4.64,DGS30
2024-05-09,4.6,DGS30
2024-05-10,4.64,DGS30
2024-05-13,4.63,DGS30
2024-05-14,4.59,DGS30
2024-05-15,4.52,DGS30
2024-05-16,4.52,DGS30
2024-05-17,4.56,DGS30
2024-05-20,4.58,DGS30
2024-05-21,4.55,DGS30
2024-05-22,4.55,DGS30
2024-05-23,4.58,DGS30
2024-05-24,4.57,DGS30
2024-05-28,4.66,DGS30
2024-05-29,4.74,DGS30
2024-05-30,4.69,DGS30
2024-05-31,4.65,DGS30
2024-06-03,4.55,DGS30
2024-06-04,4.48,DGS30
2024-06-05,4.44,DGS30
2024-06-06,4.43,DGS30
2024-06-07,4.55,DGS30
2024-06-10,4.59,DGS30
2024-06-11,4.53,DGS30
2024-06-12,4.47,DGS30
2024-06-13,4.4,DGS30
2024-06-14,4.34,DGS30
2024-06-17,4.4,DGS30
2024-06-18,4.36,DGS30
2024-06-20,4.39,DGS30
2024-06-21,4.39,DGS30
2024-06-24,4.38,DGS30
2024-06-25,4.36,DGS30
2024-06-26,4.45,DGS30
2024-06-27,4.43,DGS30
2024-06-28,4.51,DGS30
2024-07-01,4.64,DGS30
2024-07-02,4.6,DGS30
2024-07-03,4.53,DGS30
2024-07-05,4.47,DGS30
2024-07-08,4.46,DGS30
2024-07-09,4.49,DGS30
2024-07-10,4.47,DGS30
2024-07-11,4.41,DGS30
2024-07-12,4.39,DGS30
2024-07-15,4.46,DGS30
2024-07-16,4.38,DGS30
2024-07-17,4.37,DGS30
2024-07-18,4.41,DGS30
2024-07-19,4.45,DGS30
2024-07-22,4.48,DGS30
2024-07-23,4.48,DGS30
2024-07-24,4.54,DGS30
2024-07-25,4.5,DGS30
2024-07-26,4.45,DGS30
2024-07-29,4.42,DGS30
2024-07-30,4.4,DGS30
2024-07-31,4.35,DGS30
2024-08-01,4.27,DGS30
2024-08-02,4.11,DGS30
2024-08-05,4.06,DGS30
2024-08-06,4.18,DGS30
2024-08-07,4.26,DGS30
2024-08-08,4.28,DGS30
2024-08-09,4.23,DGS30
2024-08-12,4.19,DGS30
2024-08-13,4.16,DGS30
2024-08-14,4.12,DGS30
2024-08-15,4.18,DGS30
2024-08-16,4.15,DGS30
2024-08-19,4.11,DGS30
2024-08-20,4.07,DGS30
2024-08-21,4.06,DGS30
2024-08-22,4.13,DGS30
2024-08-23,4.1,DGS30
2024-08-26,4.11,DGS30
2024-08-27,4.13,DGS30
2024-08-28,4.13,DGS30
2024-08-29,4.15,DGS30
2024-08-30,4.2,DGS30
2024-09-03,4.13,DGS30
2024-09-04,4.06,DGS30
2024-09-05,4.02,DGS30
2024-09-06,4.03,DGS30
2024-09-09,4.0,DGS30
2024-09-10,3.97,DGS30
2024-09-11,3.96,DGS30
2024-09-12,4.0,DGS30
2024-09-13,3.98,DGS30
2024-09-16,3.94,DGS30
2024-09-17,3.96,DGS30
2024-09-18,4.03,DGS30
2024-09-19,4.06,DGS30
2024-09-20,4.07,DGS30
2024-09-23,4.09,DGS30
2024-09-24,4.09,DGS30
2024-09-25,4.14,DGS30
2024-09-26,4.12,DGS30
2024-09-27,4.1,DGS30
2024-09-30,4.14,DGS30
2024-10-01,4.08,DGS30
2024-10-02,4.14,DGS30
2024-10-03,4.18,DGS30
2024-10-04,4.26,DGS30
2024-10-07,4.3,DGS30
2024-10-08,4.32,DGS30
2024-10-09,4.34,DGS30
2024-10-10,4.38,DGS30
2024-10-11,4.39,DGS30
2024-10-15,4.32,DGS30
2024-10-16,4.3,DGS30
2024-10-17,4.39,DGS30
2024-10-18,4.38,DGS30
2024-10-21,4.49,DGS30
2024-10-22,4.49,DGS30
2024-10-23,4.51,DGS30
2024-10-24,4.47,DGS30
2024-10-25,4.51,DGS30
2024-10-28,4.53,DGS30
2024-10-29,4.52,DGS30
2024-10-30,4.49,DGS30
2024-10-31,4.47,DGS30
2024-11-01,4.57,DGS30
2024-11-04,4.5,DGS30
2024-11-05,4.44,DGS30
2024-11-06,4.6,DGS30
2024-11-07,4.52,DGS30
2024-11-08,4.47,DGS30
2024-11-12,4.58,DGS30
2024-11-13,4.63,DGS30
2024-11-14,4.58,DGS30
2024-11-15,4.6,DGS30
2024-11-18,4.61,DGS30
2024-11-19,4.57,DGS30
2024-11-20,4.59,DGS30
2024-11-21,4.61,DGS30
2024-11-22,4.6,DGS30
2024-11-25,4.45,DGS30
2024-11-26,4.48,DGS30
2024-11-27,4.44,DGS30
2024-11-29,4.36,DGS30
2024-12-02,4.36,DGS30
2024-12-03,4.4,DGS30
2024-12-04,4.35,DGS30
2024-12-05,4.33,DGS30
2024-12-06,4.34,DGS30
2024-12-09,4.39,DGS30
2024-12-10,4.41,DGS30
2024-12-11,4.48,DGS30
2024-12-12,4.55,DGS30
2024-12-13,4.61,DGS30
2024-12-16,4.6,DGS30
2024-12-17,4.59,DGS30
2024-12-18,4.65,DGS30
2024-12-19,4.74,DGS30
2024-12-20,4.72,DGS30
2024-12-23,4.78,DGS30
2024-12-24,4.76,DGS30
2024-12-26,4.76,DGS30
2024-12-27,4.82,DGS30
2024-12-30,4.77,DGS30
2024-12-31,4.78,DGS30
2025-01-02,4.79,DGS30
2025-01-03,4.82,DGS30
2025-01-06,4.85,DGS30
2025-01-07,4.91,DGS30
2025-01-08,4.91,DGS30
2025-01-09,4.92,DGS30
2025-01-10,4.96,DGS30
2025-01-13,4.97,DGS30
2025-01-14,4.98,DGS30
2025-01-15,4.88,DGS30
2025-01-16,4.84,DGS30
2025-01-17,4.84,DGS30
2025-01-21,4.8,DGS30
2025-01-22,4.82,DGS30
2025-01-23,4.87,DGS30
2025-01-24,4.85,DGS30
2025-01-27,4.76,DGS30
2025-01-28,4.78,DGS30
2025-01-29,4.79,DGS30
2025-01-30,4.76,DGS30
2025-01-31,4.83,DGS30
2025-02-03,4.77,DGS30
2025-02-04,4.75,DGS30
2025-02-05,4.64,DGS30
2025-02-06,4.65,DGS30
2025-02-07,4.69,DGS30
2025-02-10,4.71,DGS30
2025-02-11,4.75,DGS30
2025-02-12,4.83,DGS30
2025-02-13,4.72,DGS30
2025-02-14,4.69,DGS30
2025-02-18,4.77,DGS30
2025-02-19,4.76,DGS30
2025-02-20,4.74,DGS30
2025-02-21,4.67,DGS30
2025-02-24,4.66,DGS30
2025-02-25,4.55,DGS30
2025-02-26,4.51,DGS30
2025-02-27,4.56,DGS30
2025-02-28,4.51,DGS30
2025-03-03,4.45,DGS30
2025-03-04,4.53,DGS30
2025-03-05,4.57,DGS30
2025-03-06,4.58,DGS30
2025-03-07,4.62,DGS30
2025-03-10,4.54,DGS30
2025-03-11,4.59,DGS30
2025-03-12,4.63,DGS30
2025-03-13,4.59,DGS30
2025-03-14,4.62,DGS30
2025-03-17,4.6,DGS30
2025-03-18,4.58,DGS30
2025-03-19,4.56,DGS30
2025-03-20,4.55,DGS30
2025-03-21,4.59,DGS30
2025-03-24,4.66,DGS30
2025-03-25,4.65,DGS30
2025-03-26,4.69,DGS30
2025-03-27,4.73,DGS30
2025-03-28,4.64,DGS30
2025-03-31,4.59,DGS30
2025-04-01,4.52,DGS30
2025-04-02,4.54,DGS30
2025-04-03,4.49,DGS30
2025-04-04,4.41,DGS30
2025-04-07,4.58,DGS30
2025-04-08,4.71,DGS30
2025-04-09,4.72,DGS30
2025-04-10,4.86,DGS30
2025-04-11,4.85,DGS30
2025-04-14,4.8,DGS30
2025-04-15,4.79,DGS30
2025-04-16,4.74,DGS30
2025-04-17,4.8,DGS30
2025-04-21,4.91,DGS30
2025-04-22,4.88,DGS30
2025-04-23,4.83,DGS30
2025-04-24,4.77,DGS30
2025-04-25,4.74,DGS30
2025-04-28,4.69,DGS30
2025-04-29,4.64,DGS30
2025-04-30,4.66,DGS30
2025-05-01,4.74,DGS30
2025-05-02,4.79,DGS30
2025-05-05,4.83,DGS30
2025-05-06,4.81,DGS30
2025-05-07,4.77,DGS30
2025-05-08,4.83,DGS30
2025-05-09,4.83,DGS30
2025-05-12,4.89,DGS30
2025-05-13,4.94,DGS30
2025-05-14,4.97,DGS30
2025-05-15,4.91,DGS30
2025-05-16,4.89,DGS30
2025-05-19,4.92,DGS30
2025-05-20,4.96,DGS30
2025-05-21,5.08,DGS30
2025-05-22,5.05,DGS30
2025-05-23,5.04,DGS30
2025-05-27,4.94,DGS30
2025-05-28,4.97,DGS30
2025-05-29,4.92,DGS30
2025-05-30,4.92,DGS30
2025-06-02,4.99,DGS30
2025-06-03,4.98,DGS30
2025-06-04,4.89,DGS30
2025-06-05,4.88,DGS30
2025-06-06,4.97,DGS30
2025-06-09,4.95,DGS30
2025-06-10,4.93,DGS30
2025-06-11,4.91,DGS30
2025-06-12,4.84,DGS30
2025-06-13,4.9,DGS30
2025-06-16,4.96,DGS30
2025-06-17,4.88,DGS30
2025-06-18,4.88,DGS30
2025-06-20,4.89,DGS30
2025-06-23,4.87,DGS30
2025-06-24,4.83,DGS30
2025-06-25,4.83,DGS30
2025-06-26,4.81,DGS30
2025-06-27,4.85,DGS30
2025-06-30,4.78,DGS30
2025-07-01,4.78,DGS30
2025-07-02,4.82,DGS30
2025-07-03,4.86,DGS30
2025-07-07,4.92,DGS30
2025-07-08,4.94,DGS30
2025-07-09,4.87,DGS30
2025-07-10,4.86,DGS30
2025-07-11,4.96,DGS30
2025-07-14,4.97,DGS30
2025-07-15,5.01,DGS30
2025-07-16,5.01,DGS30
2025-07-17,5.01,DGS30
2025-07-18,5.0,DGS30
2025-07-21,4.94,DGS30
2025-07-22,4.9,DGS30
2025-07-23,4.95,DGS30
2025-07-24,4.96,DGS30
2025-07-25,4.92,DGS30
2025-07-28,4.96,DGS30
2025-07-29,4.86,DGS30
2025-07-30,4.89,DGS30
2025-07-31,4.89,DGS30
2025-08-01,4.81,DGS30
2025-08-04,4.8,DGS30
2025-08-05,4.78,DGS30
2025-08-06,4.81,DGS30
2025-08-07,4.81,DGS30
2025-08-08,4.85,DGS30
2025-08-11,4.84,DGS30
2025-08-12,4.88,DGS30
2025-08-13,4.83,DGS30
2025-08-14,4.88,DGS30
2025-08-15,4.92,DGS30
2025-08-18,4.94,DGS30
2025-08-19,4.9,DGS30
2025-08-20,4.89,DGS30
2025-08-21,4.92,DGS30
2025-08-22,4.88,DGS30
2025-08-25,4.89,DGS30
2025-08-26,4.9,DGS30
2025-08-27,4.91,DGS30
2025-08-28,4.88,DGS30
2025-08-29,4.92,DGS30
2025-09-02,4.97,DGS30
2025-09-03,4.9,DGS30
2025-09-04,4.86,DGS30
2025-09-05,4.78,DGS30
2025-09-08,4.69,DGS30
2025-09-09,4.72,DGS30
2025-09-10,4.69,DGS30
2025-09-11,4.65,DGS30
2025-09-12,4.68,DGS30
2025-09-15,4.66,DGS30
2025-09-16,4.65,DGS30
2025-09-17,4.66,DGS30
2025-09-18,4.72,DGS30
2025-09-19,4.75,DGS30
2025-09-22,4.77,DGS30
2025-09-23,4.73,DGS30
2025-09-24,4.76,DGS30
2025-09-25,4.75,DGS30
2025-09-26,4.77,DGS30
2025-09-29,4.71,DGS30
2025-09-30,4.73,DGS30
2025-10-01,4.72,DGS30
2025-10-02,4.69,DGS30
2025-10-03,4.71,DGS30
2025-10-06,4.76,DGS30
2025-10-07,4.73,DGS30
2025-10-08,4.72,DGS30
2025-10-09,4.72,DGS30
2025-10-10,4.63,DGS30
2025-10-14,4.62,DGS30
2025-10-15,4.64,DGS30
2025-10-16,4.58,DGS30
2025-10-17,4.6,DGS30
2025-10-20,4.58,DGS30
2025-10-21,4.55,DGS30
2025-10-22,4.54,DGS30
2025-10-23,4.58,DGS30
2025-10-24,4.59,DGS30
2025-10-27,4.57,DGS30
2025-10-28,4.55,DGS30
2025-10-29,4.61,DGS30
2025-10-30,4.65,DGS30
2025-10-31,4.67,DGS30
2025-11-03,4.69,DGS30
2025-11-04,4.67,DGS30
2025-11-05,4.74,DGS30
2025-11-06,4.69,DGS30
2025-11-07,4.7,DGS30
2025-11-10,4.71,DGS30
2025-11-12,4.67,DGS30
2025-11-13,4.7,DGS30
2025-11-14,4.74,DGS30
2025-11-17,4.73,DGS30
2025-11-18,4.74,DGS30
2025-11-19,4.75,DGS30
2025-11-20,4.73,DGS30
2025-11-21,4.71,DGS30
2025-11-24,4.68,DGS30
2025-11-25,4.67,DGS30
2025-11-26,4.64,DGS30
2025-11-28,4.67,DGS30
2025-12-01,4.74,DGS30
2025-12-02,4.74,DGS30
2025-12-03,4.73,DGS30
2025-12-04,4.76,DGS30
2025-12-05,4.79,DGS30
2025-12-08,4.81,DGS30
2025-12-09,4.8,DGS30
2025-12-10,4.78,DGS30
2025-12-11,4.79,DGS30
2025-12-12,4.85,DGS30
2025-12-15,4.84,DGS30
2025-12-16,4.82,DGS30
2025-12-17,4.83,DGS30
2025-12-18,4.8,DGS30
2025-12-19,4.82,DGS30
2025-12-22,4.84,DGS30
2025-12-23,4.83,DGS30
2025-12-24,4.79,DGS30
2025-12-26,4.81,DGS30
2025-12-29,4.8,DGS30
2025-12-30,4.81,DGS30
2025-12-31,4.84,DGS30
2026-01-02,4.86,DGS30
2026-01-05,4.85,DGS30
2026-01-06,4.86,DGS30
2026-01-07,4.82,DGS30
2026-01-08,4.85,DGS30
2026-01-09,4.82,DGS30
2026-01-12,4.83,DGS30
2026-01-13,4.83,DGS30
2026-01-14,4.79,DGS30
2026-01-15,4.79,DGS30
2026-01-16,4.83,DGS30
2026-01-20,4.91,DGS30
2026-01-21,4.87,DGS30
2026-01-22,4.84,DGS30
2026-01-23,4.82,DGS30
2026-01-26,4.8,DGS30
2026-01-27,4.83,DGS30
2026-01-28,4.85,DGS30
2026-01-29,4.85,DGS30
2026-01-30,4.87,DGS30
2026-02-02,4.9,DGS30
2026-02-03,4.9,DGS30
2026-02-04,4.91,DGS30
2026-02-05,4.85,DGS30
2026-02-06,4.85,DGS30
2026-02-09,4.85,DGS30
2026-02-10,4.78,DGS30
2026-02-11,4.82,DGS30
2026-02-12,4.72,DGS30
2026-02-13,4.69,DGS30
2026-02-17,4.68,DGS30
2026-02-18,4.71,DGS30
2026-02-19,4.7,DGS30
2026-02-20,4.72,DGS30
2026-02-23,4.7,DGS30
2026-02-24,4.7,DGS30
2026-02-25,4.7,DGS30
2026-02-26,4.67,DGS30
2026-02-27,4.64,DGS30
2026-03-02,4.7,DGS30
2026-03-03,4.7,DGS30
2026-03-04,4.72,DGS30
2026-03-05,4.74,DGS30
2026-03-06,4.77,DGS30
2026-03-09,4.72,DGS30
2026-03-10,4.78,DGS30
2026-03-11,4.86,DGS30
2026-03-12,4.88,DGS30
2026-03-13,4.9,DGS30
2026-03-16,4.86,DGS30
2026-03-17,4.85,DGS30
2026-03-18,4.88,DGS30
2026-03-19,4.83,DGS30
2026-03-20,4.96,DGS30
2026-03-23,4.91,DGS30
2026-03-24,4.94,DGS30
2026-03-25,4.89,DGS30
2026-03-26,4.93,DGS30
2026-03-27,4.98,DGS30
2026-03-30,4.91,DGS30
2026-03-31,4.88,DGS30
2026-04-01,4.91,DGS30
2026-04-02,4.88,DGS30
2026-04-03,4.91,DGS30
2026-04-06,4.89,DGS30
2026-04-07,4.9,DGS30
2026-04-08,4.89,DGS30
2026-04-09,4.9,DGS30
2026-04-10,4.91,DGS30
2026-04-13,4.9,DGS30
2026-04-14,4.87,DGS30
2026-04-15,4.89,DGS30
2026-04-16,4.93,DGS30
2026-04-17,4.88,DGS30
2026-04-20,4.88,DGS30
2026-04-21,4.89,DGS30
2026-04-22,4.9,DGS30
2026-04-23,4.92,DGS30
2026-04-24,4.91,DGS30
2026-04-27,4.94,DGS30
2026-04-28,4.94,DGS30
2026-04-29,4.98,DGS30
2026-04-30,4.98,DGS30
2026-05-01,4.97,DGS30
2026-05-04,5.02,DGS30
2026-05-05,4.98,DGS30
2026-05-06,4.94,DGS30
2026-05-07,4.97,DGS30
2026-05-08,4.95,DGS30
2026-05-11,4.98,DGS30
2026-05-12,5.03,DGS30
2026-05-13,5.03,DGS30
2026-05-14,5.02,DGS30
2026-05-15,5.12,DGS30
2026-05-18,5.14,DGS30
2026-05-19,5.18,DGS30
2026-05-20,5.11,DGS30
2026-05-21,5.1,DGS30
2026-05-22,5.07,DGS30
2026-05-26,5.03,DGS30
